cc,country,survyear,eppregion,Subnational region,survname,prev,se prev,incid,var,se,ci_l,ci_u,correlation,cohort,ISO3,artcov,se_artcov
4,Afghanistan,2005,Male remaining pop,,AFG 2005,0.0005,0.01,-1,-1,-1,-1,-1,-1,FALSE,AFG,-1,-1
4,Afghanistan,2006,Sex workers,,AFG 2006,0.0018,0.01,-1,-1,-1,-1,-1,-1,FALSE,AFG,-1,-1
4,Afghanistan,2009,IDU,,AFG 2009,0.032,0.01,-1,-1,-1,-1,-1,-1,FALSE,AFG,-1,-1
4,Afghanistan,2009,IDU,,AFG 2009,0.01,0.01,-1,-1,-1,-1,-1,-1,FALSE,AFG,-1,-1
4,Afghanistan,2009,IDU,,AFG 2009,0.182,0.01,-1,-1,-1,-1,-1,-1,FALSE,AFG,-1,-1
4,Afghanistan,2009,Male remaining pop,,AFG 2009,0.0003,0.01,-1,-1,-1,-1,-1,-1,FALSE,AFG,-1,-1
24,Angola,2015,R,,2015 DHS,0.015,0.003,-1,-1,-1,-1,-1,-1,FALSE,AGO,-1,-1
24,Angola,2015,U,,2015 DHS,0.021,0.003,-1,-1,-1,-1,-1,-1,FALSE,AGO,-1,-1
112,Belarus,2011,ЖСБ,,BLR 2011,0.022,0.003,-1,-1,-1,-1,-1,-1,FALSE,BLR,-1,-1
112,Belarus,2011,МСМ,,BLR 2011,0.028,0.007,-1,-1,-1,-1,-1,-1,FALSE,BLR,-1,-1
112,Belarus,2011,ПИН,,BLR 2011,0.133,0.0005,-1,-1,-1,-1,-1,-1,FALSE,BLR,-1,-1
112,Belarus,2013,ЖСБ,,BLR 2013,0.058,0.003,-1,-1,-1,-1,-1,-1,FALSE,BLR,-1,-1
112,Belarus,2013,МСМ,,BLR 2013,0.0621,0.007,-1,-1,-1,-1,-1,-1,FALSE,BLR,-1,-1
112,Belarus,2013,ПИН,,BLR 2013,0.1418,0.0005,-1,-1,-1,-1,-1,-1,FALSE,BLR,-1,-1
112,Belarus,2015,ПИН,,BLR 2015,0.251,0.0005,-1,-1,-1,-1,-1,-1,FALSE,BLR,-1,-1
204,Benin,2006,TOTAL,Alibori,BEN 2006,0.004,0.003,-1,-1,-1,-1,-1,-1,FALSE,BEN,-1,-1
204,Benin,2006,TOTAL,Atacora,BEN 2006,0.015,0.003,-1,-1,-1,-1,-1,-1,FALSE,BEN,-1,-1
204,Benin,2006,TOTAL,Atlantique,BEN 2006,0.013,0.005,-1,-1,-1,-1,-1,-1,FALSE,BEN,-1,-1
204,Benin,2006,TOTAL,Borgou,BEN 2006,0.016,0.005,-1,-1,-1,-1,-1,-1,FALSE,BEN,-1,-1
204,Benin,2006,TOTAL,Collines,BEN 2006,0.003,0.004,-1,-1,-1,-1,-1,-1,FALSE,BEN,-1,-1
204,Benin,2006,TOTAL,Couffo,BEN 2006,0.027,0.006,-1,-1,-1,-1,-1,-1,FALSE,BEN,-1,-1
204,Benin,2006,TOTAL,Donga,BEN 2006,0.025,0.006,-1,-1,-1,-1,-1,-1,FALSE,BEN,-1,-1
204,Benin,2006,TOTAL,Littoral,BEN 2006,0.017,0.005,-1,-1,-1,-1,-1,-1,FALSE,BEN,-1,-1
204,Benin,2006,TOTAL,Mono,BEN 2006,0.014,0.003,-1,-1,-1,-1,-1,-1,FALSE,BEN,-1,-1
204,Benin,2006,TOTAL,Oueme,BEN 2006,0.006,0.003,-1,-1,-1,-1,-1,-1,FALSE,BEN,-1,-1
204,Benin,2006,TOTAL,Plateau,BEN 2006,0.006,0.003,-1,-1,-1,-1,-1,-1,FALSE,BEN,-1,-1
204,Benin,2006,TOTAL,Zou,BEN 2006,0.007,0.003,-1,-1,-1,-1,-1,-1,FALSE,BEN,-1,-1
204,Benin,2012,TOTAL,Alibori,BEN 2012,0.004,0.003,-1,-1,-1,-1,-1,-1,FALSE,BEN,-1,-1
204,Benin,2012,TOTAL,Atacora,BEN 2012,0.009,0.003,-1,-1,-1,-1,-1,-1,FALSE,BEN,-1,-1
204,Benin,2012,TOTAL,Atlantique,BEN 2012,0.011,0.004,-1,-1,-1,-1,-1,-1,FALSE,BEN,-1,-1
204,Benin,2012,TOTAL,Borgou,BEN 2012,0.006,0.005,-1,-1,-1,-1,-1,-1,FALSE,BEN,-1,-1
204,Benin,2012,TOTAL,Collines,BEN 2012,0.008,0.004,-1,-1,-1,-1,-1,-1,FALSE,BEN,-1,-1
204,Benin,2012,TOTAL,Couffo,BEN 2012,0.022,0.006,-1,-1,-1,-1,-1,-1,FALSE,BEN,-1,-1
204,Benin,2012,TOTAL,Donga,BEN 2012,0.014,0.006,-1,-1,-1,-1,-1,-1,FALSE,BEN,-1,-1
204,Benin,2012,TOTAL,Littoral,BEN 2012,0.019,0.005,-1,-1,-1,-1,-1,-1,FALSE,BEN,-1,-1
204,Benin,2012,TOTAL,Mono,BEN 2012,0.021,0.009,-1,-1,-1,-1,-1,-1,FALSE,BEN,-1,-1
204,Benin,2012,TOTAL,Oueme,BEN 2012,0.014,0.005,-1,-1,-1,-1,-1,-1,FALSE,BEN,-1,-1
204,Benin,2012,TOTAL,Plateau,BEN 2012,0.005,0.003,-1,-1,-1,-1,-1,-1,FALSE,BEN,-1,-1
204,Benin,2012,TOTAL,Zou,BEN 2012,0.007,0.003,-1,-1,-1,-1,-1,-1,FALSE,BEN,-1,-1
72,Botswana,2004,R,,2004 BAIS,0.2611,0.0097,-1,-1,-1,-1,-1,-1,FALSE,BWA,-1,-1
72,Botswana,2004,U,,2004 BAIS,0.2468,0.0074,-1,-1,-1,-1,-1,-1,FALSE,BWA,-1,-1
72,Botswana,2008,R,,2008 BAIS,0.257,0.0096,-1,-1,-1,-1,-1,-1,FALSE,BWA,-1,-1
72,Botswana,2008,U,,2008 BAIS,0.2319,0.0078,-1,-1,-1,-1,-1,-1,FALSE,BWA,-1,-1
72,Botswana,2013,R,,2013 BAIS,0.224,0.01,-1,-1,-1,-1,-1,-1,FALSE,BWA,-1,-1
72,Botswana,2013,U,,2013 BAIS,0.215,0.01,-1,-1,-1,-1,-1,-1,FALSE,BWA,-1,-1
72,Botswana,2021,R,,2021 BAIS,0.187,0.0038,-1,-1,-1,-1,-1,-1,FALSE,BWA,0.919,0.009
72,Botswana,2021,U,,2021 BAIS,0.173,0.0062,-1,-1,-1,-1,-1,-1,FALSE,BWA,0.924,0.015
854,Burkina Faso,2003,R,,2003 DHS,0.0128,0.0021,-1,-1,-1,-1,-1,-1,FALSE,BFA,-1,-1
854,Burkina Faso,2003,U,,2003 DHS,0.0363,0.0056,-1,-1,-1,-1,-1,-1,FALSE,BFA,-1,-1
854,Burkina Faso,2010,R,,2010 DHS,0.0061,0.0008,-1,-1,-1,-1,-1,-1,FALSE,BFA,-1,-1
854,Burkina Faso,2010,U,,2010 DHS,0.0205,0.0029,-1,-1,-1,-1,-1,-1,FALSE,BFA,-1,-1
108,Burundi,2002,R,,2002 DHS,0.025,0.0026,-1,-1,-1,-1,-1,-1,FALSE,BDI,-1,-1
108,Burundi,2002,U,,2002 DHS,0.0995,0.0065,-1,-1,-1,-1,-1,-1,FALSE,BDI,-1,-1
108,Burundi,2007,R,,2007 DHS,0.0282,0.0082,-1,-1,-1,-1,-1,-1,FALSE,BDI,-1,-1
108,Burundi,2007,U,,2007 DHS,0.046,0.0082,-1,-1,-1,-1,-1,-1,FALSE,BDI,-1,-1
108,Burundi,2010,R,,2010 DHS,0.0101,0.0015,-1,-1,-1,-1,-1,-1,FALSE,BDI,-1,-1
108,Burundi,2010,U,,2010 DHS,0.0413,0.0055,-1,-1,-1,-1,-1,-1,FALSE,BDI,-1,-1
108,Burundi,2016,R,,DHS 2016-17,0.0069,0.001,-1,-1,-1,-1,-1,-1,FALSE,BDI,-1,-1
108,Burundi,2016,U,,DHS 2016-17,0.025,0.0055,-1,-1,-1,-1,-1,-1,FALSE,BDI,-1,-1
120,Cameroon,2004,R,,2004 DHS,0.0398,0.0036,-1,-1,-1,-1,-1,-1,FALSE,CMR,-1,-1
120,Cameroon,2004,U,,2004 DHS,0.0657,0.004,-1,-1,-1,-1,-1,-1,FALSE,CMR,-1,-1
120,Cameroon,2011,R,,2011 DHS,0.0376,0.0033,-1,-1,-1,-1,-1,-1,FALSE,CMR,-1,-1
120,Cameroon,2011,U,,2011 DHS,0.0478,0.0034,-1,-1,-1,-1,-1,-1,FALSE,CMR,-1,-1
132,Cape Verde,2005,Pop masculine restante,,CPV 2005,0.011,0.003,-1,-1,-1,-1,-1,-1,FALSE,CPV,-1,-1
132,Cape Verde,2010,CDI,,CPV 2010,0.036,0.01,-1,-1,-1,-1,-1,-1,FALSE,CPV,-1,-1
132,Cape Verde,2011,Travailleurs du sexe,,CPV 2011,0.053,0.01,-1,-1,-1,-1,-1,-1,FALSE,CPV,-1,-1
132,Cape Verde,2013,CDI,,CPV 2013,0.039,0.01,-1,-1,-1,-1,-1,-1,FALSE,CPV,-1,-1
132,Cape Verde,2013,HSH,,CPV 2013,0.15,0.01,-1,-1,-1,-1,-1,-1,FALSE,CPV,-1,-1
132,Cape Verde,2013,Travailleurs du sexe,,CPV 2013,0.079,0.01,-1,-1,-1,-1,-1,-1,FALSE,CPV,-1,-1
140,Central African Republic,2006,R,,MICS 2006,0.047,0.009,-1,-1,-1,-1,-1,-1,FALSE,CAF,-1,-1
140,Central African Republic,2006,U,,MICS 2006,0.083,0.01,-1,-1,-1,-1,-1,-1,FALSE,CAF,-1,-1
140,Central African Republic,2010,R,,MICS 2010,0.029,0.006,-1,-1,-1,-1,-1,-1,FALSE,CAF,-1,-1
140,Central African Republic,2010,U,,MICS 2010,0.079,0.009,-1,-1,-1,-1,-1,-1,FALSE,CAF,-1,-1
148,Chad,2014,R,,2014-15 DHS,0.0063,0.001,-1,-1,-1,-1,-1,-1,FALSE,TCD,-1,-1
148,Chad,2014,U,,2014-15 DHS,0.0431,0.0049,-1,-1,-1,-1,-1,-1,FALSE,TCD,-1,-1
174,Comoros,2003,Female Population,,COM 2003,0.0003,0.0003,-1,-1,-1,-1,-1,-1,FALSE,COM,-1,-1
178,Congo,2003,R,,2003 AIS,0.04,0.02,-1,-1,-1,-1,-1,-1,FALSE,COG,-1,-1
178,Congo,2003,U,,2003 AIS,0.041,0.004,-1,-1,-1,-1,-1,-1,FALSE,COG,-1,-1
178,Congo,2009,R,,2009 AIS,0.0284,0.0033,-1,-1,-1,-1,-1,-1,FALSE,COG,-1,-1
178,Congo,2009,U,,2009 AIS,0.0335,0.0043,-1,-1,-1,-1,-1,-1,FALSE,COG,-1,-1
384,Côte d'Ivoire,2005,,Abidjan,2005 AIS,0.0612,0.009,-1,-1,-1,-1,-1,-1,FALSE,CIV,-1,-1
384,Côte d'Ivoire,2005,,Centre,2005 AIS,0.0477,0.009,-1,-1,-1,-1,-1,-1,FALSE,CIV,-1,-1
384,Côte d'Ivoire,2005,,Centre-Est,2005 AIS,0.0582,0.0136,-1,-1,-1,-1,-1,-1,FALSE,CIV,-1,-1
384,Côte d'Ivoire,2005,,Centre-Nord,2005 AIS,0.0357,0.0076,-1,-1,-1,-1,-1,-1,FALSE,CIV,-1,-1
384,Côte d'Ivoire,2005,,Centre-Ouest,2005 AIS,0.0373,0.0093,-1,-1,-1,-1,-1,-1,FALSE,CIV,-1,-1
384,Côte d'Ivoire,2005,,Nord,2005 AIS,0.0324,0.0053,-1,-1,-1,-1,-1,-1,FALSE,CIV,-1,-1
384,Côte d'Ivoire,2005,,Nord-Est,2005 AIS,0.0337,0.0094,-1,-1,-1,-1,-1,-1,FALSE,CIV,-1,-1
384,Côte d'Ivoire,2005,,Nord-Ouest,2005 AIS,0.0171,0.0039,-1,-1,-1,-1,-1,-1,FALSE,CIV,-1,-1
384,Côte d'Ivoire,2005,,Ouest,2005 AIS,0.0353,0.011,-1,-1,-1,-1,-1,-1,FALSE,CIV,-1,-1
384,Côte d'Ivoire,2005,,Sud,2005 AIS,0.0546,0.0094,-1,-1,-1,-1,-1,-1,FALSE,CIV,-1,-1
384,Côte d'Ivoire,2005,,Sud-Ouest,2005 AIS,0.0417,0.0109,-1,-1,-1,-1,-1,-1,FALSE,CIV,-1,-1
384,Côte d'Ivoire,2012,,Abidjan,2011-12 DHS,0.0507,0.0084,-1,-1,-1,-1,-1,-1,FALSE,CIV,-1,-1
384,Côte d'Ivoire,2012,,Centre,2011-12 DHS,0.0303,0.0076,-1,-1,-1,-1,-1,-1,FALSE,CIV,-1,-1
384,Côte d'Ivoire,2012,,Centre-Est,2011-12 DHS,0.0399,0.0114,-1,-1,-1,-1,-1,-1,FALSE,CIV,-1,-1
384,Côte d'Ivoire,2012,,Centre-Nord,2011-12 DHS,0.0442,0.0061,-1,-1,-1,-1,-1,-1,FALSE,CIV,-1,-1
384,Côte d'Ivoire,2012,,Centre-Ouest,2011-12 DHS,0.0222,0.0054,-1,-1,-1,-1,-1,-1,FALSE,CIV,-1,-1
384,Côte d'Ivoire,2012,,Nord,2011-12 DHS,0.0253,0.0069,-1,-1,-1,-1,-1,-1,FALSE,CIV,-1,-1
384,Côte d'Ivoire,2012,,Nord-Est,2011-12 DHS,0.0235,0.0053,-1,-1,-1,-1,-1,-1,FALSE,CIV,-1,-1
384,Côte d'Ivoire,2012,,Nord-Ouest,2011-12 DHS,0.0228,0.0059,-1,-1,-1,-1,-1,-1,FALSE,CIV,-1,-1
384,Côte d'Ivoire,2012,,Ouest,2011-12 DHS,0.0358,0.0062,-1,-1,-1,-1,-1,-1,FALSE,CIV,-1,-1
384,Côte d'Ivoire,2012,,Sud,2011-12 DHS,0.0352,0.0087,-1,-1,-1,-1,-1,-1,FALSE,CIV,-1,-1
384,Côte d'Ivoire,2012,,Sud-Ouest,2011-12 DHS,0.0435,0.0122,-1,-1,-1,-1,-1,-1,FALSE,CIV,-1,-1
180,Democratic Republic of the Congo,2007,R,,2007 DHS,0.0081,0.0021,-1,-1,-1,-1,-1,-1,FALSE,COD,-1,-1
180,Democratic Republic of the Congo,2007,U,,2007 DHS,0.0191,0.0029,-1,-1,-1,-1,-1,-1,FALSE,COD,-1,-1
180,Democratic Republic of the Congo,2013,R,,2013-14 DHS,0.0089,0.0025,-1,-1,-1,-1,-1,-1,FALSE,COD,-1,-1
180,Democratic Republic of the Congo,2013,U,,2013-14 DHS,0.0159,0.0021,-1,-1,-1,-1,-1,-1,FALSE,COD,-1,-1
262,Djibouti,2002,R,,DJI 2002,0.01,0.01,-1,-1,-1,-1,-1,-1,FALSE,DJI,-1,-1
262,Djibouti,2002,U,,DJI 2002,0.034,0.005,-1,-1,-1,-1,-1,-1,FALSE,DJI,-1,-1
214,Dominican Republic,2002,Remanente Femenina,,2002 DHS,0.011,0.01,-1,-1,-1,-1,-1,-1,FALSE,DOM,-1,-1
214,Dominican Republic,2002,Remanente Masculina,,2002 DHS,0.011,0.01,-1,-1,-1,-1,-1,-1,FALSE,DOM,-1,-1
214,Dominican Republic,2007,Migrantes Haitianos,,2007 DHS,0.0646,0.01,-1,-1,-1,-1,-1,-1,FALSE,DOM,-1,-1
214,Dominican Republic,2007,Remanente Femenina,,2007 DHS,0.0063,0.01,-1,-1,-1,-1,-1,-1,FALSE,DOM,-1,-1
214,Dominican Republic,2007,Remanente Masculina,,2007 DHS,0.0063,0.01,-1,-1,-1,-1,-1,-1,FALSE,DOM,-1,-1
214,Dominican Republic,2013,Migrantes Haitianos,,2013 DHS,0.0383,0.01,-1,-1,-1,-1,-1,-1,FALSE,DOM,-1,-1
214,Dominican Republic,2013,Remanente Femenina,,2013 DHS,0.0068,0.01,-1,-1,-1,-1,-1,-1,FALSE,DOM,-1,-1
214,Dominican Republic,2013,Remanente Masculina,,2013 DHS,0.0068,0.01,-1,-1,-1,-1,-1,-1,FALSE,DOM,-1,-1
226,Equatorial Guinea,2004,Guinea Ecuatorial,,GNQ 2004,0.032,0.01,-1,-1,-1,-1,-1,-1,FALSE,GNQ,-1,-1
226,Equatorial Guinea,2008,Guinea Ecuatorial,,GNQ 2008,0.073,0.01,-1,-1,-1,-1,-1,-1,FALSE,GNQ,-1,-1
226,Equatorial Guinea,2011,Guinea Ecuatorial,,2011 DHS,0.062,0.006,-1,-1,-1,-1,-1,-1,FALSE,GNQ,-1,-1
232,Eritrea,2010,R,,PHS 2010,0.0059,0.0017,-1,-1,-1,-1,-1,-1,FALSE,ERI,-1,-1
232,Eritrea,2010,U,,PHS 2010,0.0144,0.0032,-1,-1,-1,-1,-1,-1,FALSE,ERI,-1,-1
231,Ethiopia,2005,R,Affar,2005 DHS,0.007,0.0047,-1,-1,-1,-1,-1,-1,FALSE,ETH,-1,-1
231,Ethiopia,2005,R,Amhara,2005 DHS,0.0108,0.0041,-1,-1,-1,-1,-1,-1,FALSE,ETH,-1,-1
231,Ethiopia,2005,R,Benis Gumz,2005 DHS,0.0014,0.0014,-1,-1,-1,-1,-1,-1,FALSE,ETH,-1,-1
231,Ethiopia,2005,R,Oromiya,2005 DHS,0.0052,0.0022,-1,-1,-1,-1,-1,-1,FALSE,ETH,-1,-1
231,Ethiopia,2005,R,SNNP,2005 DHS,0.0018,0.0011,-1,-1,-1,-1,-1,-1,FALSE,ETH,-1,-1
231,Ethiopia,2005,R,Somali,2005 DHS,0.0032,0.0039,-1,-1,-1,-1,-1,-1,FALSE,ETH,-1,-1
231,Ethiopia,2005,R,Tigray,2005 DHS,0.0132,0.0066,-1,-1,-1,-1,-1,-1,FALSE,ETH,-1,-1
231,Ethiopia,2005,Total,Addis Abeba,2005 DHS,0.0473,0.0074,-1,-1,-1,-1,-1,-1,FALSE,ETH,-1,-1
231,Ethiopia,2005,TOTAL,Dire Dawa,2005 DHS,0.032,0.0108,-1,-1,-1,-1,-1,-1,FALSE,ETH,-1,-1
231,Ethiopia,2005,TOTAL,Gambela,2005 DHS,0.0604,0.0143,-1,-1,-1,-1,-1,-1,FALSE,ETH,-1,-1
231,Ethiopia,2005,TOTAL,Harari,2005 DHS,0.035,0.0087,-1,-1,-1,-1,-1,-1,FALSE,ETH,-1,-1
231,Ethiopia,2005,U,Affar,2005 DHS,0.1048,0.0524,-1,-1,-1,-1,-1,-1,FALSE,ETH,-1,-1
231,Ethiopia,2005,U,Amhara,2005 DHS,0.0685,0.0172,-1,-1,-1,-1,-1,-1,FALSE,ETH,-1,-1
231,Ethiopia,2005,U,Benis Gumz,2005 DHS,0.0405,0.0125,-1,-1,-1,-1,-1,-1,FALSE,ETH,-1,-1
231,Ethiopia,2005,U,Oromiya,2005 DHS,0.0683,0.0134,-1,-1,-1,-1,-1,-1,FALSE,ETH,-1,-1
231,Ethiopia,2005,U,SNNP,2005 DHS,0.0088,0.0042,-1,-1,-1,-1,-1,-1,FALSE,ETH,-1,-1
231,Ethiopia,2005,U,Somali,2005 DHS,0.0321,0.021,-1,-1,-1,-1,-1,-1,FALSE,ETH,-1,-1
231,Ethiopia,2005,U,Tigray,2005 DHS,0.0624,0.0239,-1,-1,-1,-1,-1,-1,FALSE,ETH,-1,-1
231,Ethiopia,2011,R,Affar,2011 DHS,0.0064,0.0034,-1,-1,-1,-1,-1,-1,FALSE,ETH,-1,-1
231,Ethiopia,2011,R,Amhara,2011 DHS,0.0071,0.0029,-1,-1,-1,-1,-1,-1,FALSE,ETH,-1,-1
231,Ethiopia,2011,R,Benis Gumz,2011 DHS,0.0015,0.002,-1,-1,-1,-1,-1,-1,FALSE,ETH,-1,-1
231,Ethiopia,2011,R,Oromiya,2011 DHS,0.0053,0.0025,-1,-1,-1,-1,-1,-1,FALSE,ETH,-1,-1
231,Ethiopia,2011,R,SNNP,2011 DHS,0.004,0.0014,-1,-1,-1,-1,-1,-1,FALSE,ETH,-1,-1
231,Ethiopia,2011,R,Somali,2011 DHS,0.0052,0.0036,-1,-1,-1,-1,-1,-1,FALSE,ETH,-1,-1
231,Ethiopia,2011,R,Tigray,2011 DHS,0.0126,0.0036,-1,-1,-1,-1,-1,-1,FALSE,ETH,-1,-1
231,Ethiopia,2011,Total,Addis Abeba,2011 DHS,0.0516,0.006,-1,-1,-1,-1,-1,-1,FALSE,ETH,-1,-1
231,Ethiopia,2011,TOTAL,Dire Dawa,2011 DHS,0.04,0.0069,-1,-1,-1,-1,-1,-1,FALSE,ETH,-1,-1
231,Ethiopia,2011,TOTAL,Gambela,2011 DHS,0.065,0.018,-1,-1,-1,-1,-1,-1,FALSE,ETH,-1,-1
231,Ethiopia,2011,TOTAL,Harari,2011 DHS,0.028,0.0047,-1,-1,-1,-1,-1,-1,FALSE,ETH,-1,-1
231,Ethiopia,2011,U,Affar,2011 DHS,0.0477,0.0155,-1,-1,-1,-1,-1,-1,FALSE,ETH,-1,-1
231,Ethiopia,2011,U,Amhara,2011 DHS,0.0497,0.0117,-1,-1,-1,-1,-1,-1,FALSE,ETH,-1,-1
231,Ethiopia,2011,U,Benis Gumz,2011 DHS,0.0477,0.0171,-1,-1,-1,-1,-1,-1,FALSE,ETH,-1,-1
231,Ethiopia,2011,U,Oromiya,2011 DHS,0.0349,0.0099,-1,-1,-1,-1,-1,-1,FALSE,ETH,-1,-1
231,Ethiopia,2011,U,SNNP,2011 DHS,0.0305,0.006,-1,-1,-1,-1,-1,-1,FALSE,ETH,-1,-1
231,Ethiopia,2011,U,Somali,2011 DHS,0.0221,0.0113,-1,-1,-1,-1,-1,-1,FALSE,ETH,-1,-1
231,Ethiopia,2011,U,Tigray,2011 DHS,0.0302,0.0085,-1,-1,-1,-1,-1,-1,FALSE,ETH,-1,-1
231,Ethiopia,2016,R,Affar,2016 DHS,0.003,0.0014,-1,-1,-1,-1,-1,-1,FALSE,ETH,-1,-1
231,Ethiopia,2016,R,Amhara,2016 DHS,0.0061,0.0029,-1,-1,-1,-1,-1,-1,FALSE,ETH,-1,-1
231,Ethiopia,2016,R,Benis Gumz,2016 DHS,0.0038,0.002,-1,-1,-1,-1,-1,-1,FALSE,ETH,-1,-1
231,Ethiopia,2016,R,Oromiya,2016 DHS,0.0038,0.0025,-1,-1,-1,-1,-1,-1,FALSE,ETH,-1,-1
231,Ethiopia,2016,R,SNNP,2016 DHS,0.0027,0.0014,-1,-1,-1,-1,-1,-1,FALSE,ETH,-1,-1
231,Ethiopia,2016,R,Somali,2016 DHS,0,0.0036,-1,-1,-1,-1,-1,-1,FALSE,ETH,-1,-1
231,Ethiopia,2016,R,Tigray,2016 DHS,0.0061,0.0036,-1,-1,-1,-1,-1,-1,FALSE,ETH,-1,-1
231,Ethiopia,2016,Total,Addis Abeba,2016 DHS,0.0345,0.008,-1,-1,-1,-1,-1,-1,FALSE,ETH,-1,-1
231,Ethiopia,2016,TOTAL,Dire Dawa,2016 DHS,0.038,0.0069,-1,-1,-1,-1,-1,-1,FALSE,ETH,-1,-1
231,Ethiopia,2016,TOTAL,Gambela,2016 DHS,0.048,0.018,-1,-1,-1,-1,-1,-1,FALSE,ETH,-1,-1
231,Ethiopia,2016,TOTAL,Harari,2016 DHS,0.024,0.0047,-1,-1,-1,-1,-1,-1,FALSE,ETH,-1,-1
231,Ethiopia,2016,U,Affar,2016 DHS,0.0631,0.0155,-1,-1,-1,-1,-1,-1,FALSE,ETH,-1,-1
231,Ethiopia,2016,U,Amhara,2016 DHS,0.0387,0.0117,-1,-1,-1,-1,-1,-1,FALSE,ETH,-1,-1
231,Ethiopia,2016,U,Benis Gumz,2016 DHS,0.046,0.0171,-1,-1,-1,-1,-1,-1,FALSE,ETH,-1,-1
231,Ethiopia,2016,U,Oromiya,2016 DHS,0.0244,0.0099,-1,-1,-1,-1,-1,-1,FALSE,ETH,-1,-1
231,Ethiopia,2016,U,SNNP,2016 DHS,0.0113,0.006,-1,-1,-1,-1,-1,-1,FALSE,ETH,-1,-1
231,Ethiopia,2016,U,Somali,2016 DHS,0.0019,0.0113,-1,-1,-1,-1,-1,-1,FALSE,ETH,-1,-1
231,Ethiopia,2016,U,Tigray,2016 DHS,0.027,0.0085,-1,-1,-1,-1,-1,-1,FALSE,ETH,-1,-1
242,Fiji,2011,MSM,,FJI 2011,0.013,0.01,-1,-1,-1,-1,-1,-1,FALSE,FJI,-1,-1
242,Fiji,2012,Sex workers,,FJI 2012,0.0007,0.01,-1,-1,-1,-1,-1,-1,FALSE,FJI,-1,-1
266,Gabon,2012,R,,2012 DHS,0.0401,0.0047,-1,-1,-1,-1,-1,-1,FALSE,GAB,-1,-1
266,Gabon,2012,U,,2012 DHS,0.0409,0.0043,-1,-1,-1,-1,-1,-1,FALSE,GAB,-1,-1
270,Gambia,2013,R,,2013 DHS,0.0199,0.0034,-1,-1,-1,-1,-1,-1,FALSE,GMB,-1,-1
270,Gambia,2013,U,,2013 DHS,0.0186,0.0032,-1,-1,-1,-1,-1,-1,FALSE,GMB,-1,-1
288,Ghana,2003,R,,2003 DHS,0.0203,0.0023,-1,-1,-1,-1,-1,-1,FALSE,GHA,-1,-1
288,Ghana,2003,U,,2003 DHS,0.0229,0.003,-1,-1,-1,-1,-1,-1,FALSE,GHA,-1,-1
288,Ghana,2014,R,,2014 DHS,0.0173,0.0025,-1,-1,-1,-1,-1,-1,FALSE,GHA,-1,-1
288,Ghana,2014,U,,2014 DHS,0.0231,0.003,-1,-1,-1,-1,-1,-1,FALSE,GHA,-1,-1
324,Guinea,2005,R,,2005 DHS,0.01,0.002,-1,-1,-1,-1,-1,-1,FALSE,GIN,-1,-1
324,Guinea,2005,U,,2005 DHS,0.0244,0.0043,-1,-1,-1,-1,-1,-1,FALSE,GIN,-1,-1
324,Guinea,2012,R,,2012 DHS,0.012,0.002,-1,-1,-1,-1,-1,-1,FALSE,GIN,-1,-1
324,Guinea,2012,U,,2012 DHS,0.0266,0.0031,-1,-1,-1,-1,-1,-1,FALSE,GIN,-1,-1
324,Guinea,2019,R,,2019 DHS,0.012,0.00155,-1,-1,-1,-1,-1,-1,FALSE,GIN,-1,-1
324,Guinea,2019,U,,2019 DHS,0.023,0.00229,-1,-1,-1,-1,-1,-1,FALSE,GIN,-1,-1
624,Guinea-Bissau,2010,R,,GNB 2010,0.0386,0.003,-1,-1,-1,-1,-1,-1,FALSE,GNB,-1,-1
624,Guinea-Bissau,2010,U,,GNB 2010,0.0395,0.003,-1,-1,-1,-1,-1,-1,FALSE,GNB,-1,-1
328,Guyana,2014,FSW,,GUY 2014,0.055,0.01,-1,-1,-1,-1,-1,-1,FALSE,GUY,-1,-1
328,Guyana,2014,MSM,,GUY 2014,0.049,0.01,-1,-1,-1,-1,-1,-1,FALSE,GUY,-1,-1
332,Haiti,2006,Aire Metropolitaine,Ouest,2006 DHS,0.02,0.003,-1,-1,-1,-1,-1,-1,FALSE,HTI,-1,-1
332,Haiti,2006,Department,Artibonite,2006 DHS,0.021,0.006,-1,-1,-1,-1,-1,-1,FALSE,HTI,-1,-1
332,Haiti,2006,Department,Centre,2006 DHS,0.016,0.006,-1,-1,-1,-1,-1,-1,FALSE,HTI,-1,-1
332,Haiti,2006,Department,Grande-Anse,2006 DHS,0.016,0.006,-1,-1,-1,-1,-1,-1,FALSE,HTI,-1,-1
332,Haiti,2006,Department,Nippes,2006 DHS,0.03,0.006,-1,-1,-1,-1,-1,-1,FALSE,HTI,-1,-1
332,Haiti,2006,Department,Nord,2006 DHS,0.029,0.009,-1,-1,-1,-1,-1,-1,FALSE,HTI,-1,-1
332,Haiti,2006,Department,Nord-Est,2006 DHS,0.027,0.008,-1,-1,-1,-1,-1,-1,FALSE,HTI,-1,-1
332,Haiti,2006,Department,Nord-Ouest,2006 DHS,0.02,0.004,-1,-1,-1,-1,-1,-1,FALSE,HTI,-1,-1
332,Haiti,2006,Department,Sud,2006 DHS,0.022,0.006,-1,-1,-1,-1,-1,-1,FALSE,HTI,-1,-1
332,Haiti,2006,Department,Sud-Est,2006 DHS,0.014,0.005,-1,-1,-1,-1,-1,-1,FALSE,HTI,-1,-1
332,Haiti,2006,R,,2006 DHS,0.02,0.003,-1,-1,-1,-1,-1,-1,FALSE,HTI,-1,-1
332,Haiti,2006,Reste Ouest,Ouest,2006 DHS,0.024,0.007,-1,-1,-1,-1,-1,-1,FALSE,HTI,-1,-1
332,Haiti,2006,U,,2006 DHS,0.023,0.003,-1,-1,-1,-1,-1,-1,FALSE,HTI,-1,-1
332,Haiti,2012,Aire Metropolitaine,Ouest,2012 DHS,0.025,0.003,-1,-1,-1,-1,-1,-1,FALSE,HTI,-1,-1
332,Haiti,2012,Department,Artibonite,2012 DHS,0.023,0.006,-1,-1,-1,-1,-1,-1,FALSE,HTI,-1,-1
332,Haiti,2012,Department,Centre,2012 DHS,0.018,0.005,-1,-1,-1,-1,-1,-1,FALSE,HTI,-1,-1
332,Haiti,2012,Department,Grande-Anse,2012 DHS,0.015,0.004,-1,-1,-1,-1,-1,-1,FALSE,HTI,-1,-1
332,Haiti,2012,Department,Nippes,2012 DHS,0.02,0.004,-1,-1,-1,-1,-1,-1,FALSE,HTI,-1,-1
332,Haiti,2012,Department,Nord,2012 DHS,0.017,0.003,-1,-1,-1,-1,-1,-1,FALSE,HTI,-1,-1
332,Haiti,2012,Department,Nord-Est,2012 DHS,0.039,0.007,-1,-1,-1,-1,-1,-1,FALSE,HTI,-1,-1
332,Haiti,2012,Department,Nord-Ouest,2012 DHS,0.032,0.006,-1,-1,-1,-1,-1,-1,FALSE,HTI,-1,-1
332,Haiti,2012,Department,Sud,2012 DHS,0.017,0.005,-1,-1,-1,-1,-1,-1,FALSE,HTI,-1,-1
332,Haiti,2012,Department,Sud-Est,2012 DHS,0.021,0.005,-1,-1,-1,-1,-1,-1,FALSE,HTI,-1,-1
332,Haiti,2012,R,,2012 DHS,0.02,0.002,-1,-1,-1,-1,-1,-1,FALSE,HTI,-1,-1
332,Haiti,2012,Reste Ouest,Ouest,2012 DHS,0.015,0.004,-1,-1,-1,-1,-1,-1,FALSE,HTI,-1,-1
332,Haiti,2012,U,,2012 DHS,0.024,0.002,-1,-1,-1,-1,-1,-1,FALSE,HTI,-1,-1
332,Haiti,2017,Aire Metropolitaine,Ouest,2017 DHS,0.019,0.003,-1,-1,-1,-1,-1,-1,FALSE,HTI,-1,-1
332,Haiti,2017,Department,Artibonite,2017 DHS,0.015,0.006,-1,-1,-1,-1,-1,-1,FALSE,HTI,-1,-1
332,Haiti,2017,Department,Centre,2017 DHS,0.012,0.005,-1,-1,-1,-1,-1,-1,FALSE,HTI,-1,-1
332,Haiti,2017,Department,Grande-Anse,2017 DHS,0.016,0.004,-1,-1,-1,-1,-1,-1,FALSE,HTI,-1,-1
332,Haiti,2017,Department,Nippes,2017 DHS,0.019,0.004,-1,-1,-1,-1,-1,-1,FALSE,HTI,-1,-1
332,Haiti,2017,Department,Nord,2017 DHS,0.019,0.003,-1,-1,-1,-1,-1,-1,FALSE,HTI,-1,-1
332,Haiti,2017,Department,Nord-Est,2017 DHS,0.019,0.007,-1,-1,-1,-1,-1,-1,FALSE,HTI,-1,-1
332,Haiti,2017,Department,Nord-Ouest,2017 DHS,0.019,0.006,-1,-1,-1,-1,-1,-1,FALSE,HTI,-1,-1
332,Haiti,2017,Department,Sud,2017 DHS,0.018,0.005,-1,-1,-1,-1,-1,-1,FALSE,HTI,-1,-1
332,Haiti,2017,Department,Sud-Est,2017 DHS,0.022,0.005,-1,-1,-1,-1,-1,-1,FALSE,HTI,-1,-1
332,Haiti,2017,R,,2017 DHS,0.02,0.002,-1,-1,-1,-1,-1,-1,FALSE,HTI,-1,-1
332,Haiti,2017,Reste Ouest,Ouest,2017 DHS,0.015,0.004,-1,-1,-1,-1,-1,-1,FALSE,HTI,-1,-1
332,Haiti,2017,U,,2017 DHS,0.02,0.002,-1,-1,-1,-1,-1,-1,FALSE,HTI,-1,-1
332,Haiti,2019,U,,2019 PHIA,0.01562391,0.001632072,0.001565635,-1,0.000846201,-1,-1,0.2948743,FALSE,HTI,0.3991698,0.06208139
332,Haiti,2019,R,,2019 PHIA,0.01840848,0.002238338,0.000990315,-1,0.000667803,-1,-1,0.2331142,FALSE,HTI,0.3157955,0.03886325
364,Iran (Islamic Republic of),2004,IDU,,IRN 2004,0.232,0.0002,-1,-1,-1,-1,-1,-1,FALSE,IRN,-1,-1
364,Iran (Islamic Republic of),2006,IDU,,IRN 2006,0.107,0.0001,-1,-1,-1,-1,-1,-1,FALSE,IRN,-1,-1
364,Iran (Islamic Republic of),2007,IDU,,IRN 2007,0.153,0.0001,-1,-1,-1,-1,-1,-1,FALSE,IRN,-1,-1
364,Iran (Islamic Republic of),2007,IDU,,IRN 2007,0.162,0.0001,-1,-1,-1,-1,-1,-1,FALSE,IRN,-1,-1
364,Iran (Islamic Republic of),2010,IDU,,IRN 2010,0.1504,0.0002,-1,-1,-1,-1,-1,-1,FALSE,IRN,-1,-1
364,Iran (Islamic Republic of),2010,Sex workers,,IRN 2010,0.046,0.0001,-1,-1,-1,-1,-1,-1,FALSE,IRN,-1,-1
364,Iran (Islamic Republic of),2010,Sex workers,,IRN 2010,0.0006,0.0001,-1,-1,-1,-1,-1,-1,FALSE,IRN,-1,-1
388,Jamaica,2005,FSW,,JAM 2005,0.09,0.01,-1,-1,-1,-1,-1,-1,FALSE,JAM,-1,-1
388,Jamaica,2008,MSM,,JAM 2008,0.318,0.01,-1,-1,-1,-1,-1,-1,FALSE,JAM,-1,-1
398,Kazakhstan,2010,МСМ,,KAZ 2010,0.0095,0.005,-1,-1,-1,-1,-1,-1,FALSE,KAZ,-1,-1
398,Kazakhstan,2010,ПИН,,KAZ 2010,0.028,0.0075,-1,-1,-1,-1,-1,-1,FALSE,KAZ,-1,-1
398,Kazakhstan,2010,РС,,KAZ 2010,0.0155,0.003,-1,-1,-1,-1,-1,-1,FALSE,KAZ,-1,-1
398,Kazakhstan,2011,МСМ,,KAZ 2011,0.0104,0.005,-1,-1,-1,-1,-1,-1,FALSE,KAZ,-1,-1
398,Kazakhstan,2011,ПИН,,KAZ 2011,0.0377,0.0075,-1,-1,-1,-1,-1,-1,FALSE,KAZ,-1,-1
398,Kazakhstan,2011,РС,,KAZ 2011,0.0149,0.003,-1,-1,-1,-1,-1,-1,FALSE,KAZ,-1,-1
398,Kazakhstan,2012,МСМ,,KAZ 2012,0.0062,0.005,-1,-1,-1,-1,-1,-1,FALSE,KAZ,-1,-1
398,Kazakhstan,2012,ПИН,,KAZ 2012,0.0398,0.0075,-1,-1,-1,-1,-1,-1,FALSE,KAZ,-1,-1
398,Kazakhstan,2012,РС,,KAZ 2012,0.012,0.003,-1,-1,-1,-1,-1,-1,FALSE,KAZ,-1,-1
398,Kazakhstan,2013,МСМ,,KAZ 2013,0.0116,0.005,-1,-1,-1,-1,-1,-1,FALSE,KAZ,-1,-1
398,Kazakhstan,2013,ПИН,,KAZ 2013,0.048,0.0075,-1,-1,-1,-1,-1,-1,FALSE,KAZ,-1,-1
398,Kazakhstan,2013,РС,,KAZ 2013,0.015,0.003,-1,-1,-1,-1,-1,-1,FALSE,KAZ,-1,-1
398,Kazakhstan,2014,ПИН,,KAZ 2014,0.079,0.0075,-1,-1,-1,-1,-1,-1,FALSE,KAZ,-1,-1
398,Kazakhstan,2015,МСМ,,KAZ 2015,0.032,0.005,-1,-1,-1,-1,-1,-1,FALSE,KAZ,-1,-1
398,Kazakhstan,2015,РС,,KAZ 2015,0.013,0.003,-1,-1,-1,-1,-1,-1,FALSE,KAZ,-1,-1
404,Kenya,2003,Central,Central,2003 DHS,0.0489,0.0076,-1,-1,-1,-1,-1,-1,FALSE,KEN,-1,-1
404,Kenya,2003,Coast,Coast,2003 DHS,0.0579,0.0108,-1,-1,-1,-1,-1,-1,FALSE,KEN,-1,-1
404,Kenya,2003,Eastern,Eastern,2003 DHS,0.0396,0.0078,-1,-1,-1,-1,-1,-1,FALSE,KEN,-1,-1
404,Kenya,2003,Nairobi,Nairobi,2003 DHS,0.0989,0.0147,-1,-1,-1,-1,-1,-1,FALSE,KEN,-1,-1
404,Kenya,2003,North Eastern,North Eastern,2003 DHS,0,0,-1,-1,-1,-1,-1,-1,FALSE,KEN,-1,-1
404,Kenya,2003,Nyanza,Nyanza,2003 DHS,0.1514,0.0219,-1,-1,-1,-1,-1,-1,FALSE,KEN,-1,-1
404,Kenya,2003,Rift Valley,Rift Valley,2003 DHS,0.0529,0.0099,-1,-1,-1,-1,-1,-1,FALSE,KEN,-1,-1
404,Kenya,2003,Western,Western,2003 DHS,0.0488,0.0092,-1,-1,-1,-1,-1,-1,FALSE,KEN,-1,-1
404,Kenya,2007,Central,Central,2007 AIS,0.0393,0.0078,-1,-1,-1,-1,-1,-1,FALSE,KEN,-1,-1
404,Kenya,2007,Coast,Coast,2007 AIS,0.0829,0.0078,-1,-1,-1,-1,-1,-1,FALSE,KEN,-1,-1
404,Kenya,2007,Eastern,Eastern,2007 AIS,0.0464,0.0082,-1,-1,-1,-1,-1,-1,FALSE,KEN,-1,-1
404,Kenya,2007,Nairobi,Nairobi,2007 AIS,0.0921,0.0143,-1,-1,-1,-1,-1,-1,FALSE,KEN,-1,-1
404,Kenya,2007,North Eastern,North Eastern,2007 AIS,0.0099,0.0048,-1,-1,-1,-1,-1,-1,FALSE,KEN,-1,-1
404,Kenya,2007,Nyanza,Nyanza,2007 AIS,0.1504,0.0098,-1,-1,-1,-1,-1,-1,FALSE,KEN,-1,-1
404,Kenya,2007,Rift Valley,Rift Valley,2007 AIS,0.0673,0.0089,-1,-1,-1,-1,-1,-1,FALSE,KEN,-1,-1
404,Kenya,2007,Western,Western,2007 AIS,0.059,0.0086,-1,-1,-1,-1,-1,-1,FALSE,KEN,-1,-1
404,Kenya,2008,Central,Central,2008-09 DHS,0.0459,0.0091,-1,-1,-1,-1,-1,-1,FALSE,KEN,-1,-1
404,Kenya,2008,Coast,Coast,2008-09 DHS,0.0424,0.0108,-1,-1,-1,-1,-1,-1,FALSE,KEN,-1,-1
404,Kenya,2008,Eastern,Eastern,2008-09 DHS,0.0348,0.0087,-1,-1,-1,-1,-1,-1,FALSE,KEN,-1,-1
404,Kenya,2008,Nairobi,Nairobi,2008-09 DHS,0.0702,0.0191,-1,-1,-1,-1,-1,-1,FALSE,KEN,-1,-1
404,Kenya,2008,North Eastern,North Eastern,2008-09 DHS,0.0092,0.0065,-1,-1,-1,-1,-1,-1,FALSE,KEN,-1,-1
404,Kenya,2008,Nyanza,Nyanza,2008-09 DHS,0.1389,0.0171,-1,-1,-1,-1,-1,-1,FALSE,KEN,-1,-1
404,Kenya,2008,Rift Valley,Rift Valley,2008-09 DHS,0.0474,0.0102,-1,-1,-1,-1,-1,-1,FALSE,KEN,-1,-1
404,Kenya,2008,Western,Western,2008-09 DHS,0.0657,0.0106,-1,-1,-1,-1,-1,-1,FALSE,KEN,-1,-1
404,Kenya,2012,Central,Central,2012 AIS,0.0414,0.0064,-1,-1,-1,-1,-1,-1,FALSE,KEN,-1,-1
404,Kenya,2012,Coast,Coast,2012 AIS,0.0382,0.0064,-1,-1,-1,-1,-1,-1,FALSE,KEN,-1,-1
404,Kenya,2012,Eastern,Eastern,2012 AIS,0.0351,0.0066,-1,-1,-1,-1,-1,-1,FALSE,KEN,-1,-1
404,Kenya,2012,Nairobi,Nairobi,2012 AIS,0.0459,0.0066,-1,-1,-1,-1,-1,-1,FALSE,KEN,-1,-1
404,Kenya,2012,Nyanza,Nyanza,2012 AIS,0.1573,0.0191,-1,-1,-1,-1,-1,-1,FALSE,KEN,-1,-1
404,Kenya,2012,Rift Valley,Rift Valley,2012 AIS,0.038,0.0059,-1,-1,-1,-1,-1,-1,FALSE,KEN,-1,-1
404,Kenya,2012,Western,Western,2012 AIS,0.0437,0.0091,-1,-1,-1,-1,-1,-1,FALSE,KEN,-1,-1
426,Lesotho,2004,R,,2004 DHS,0.2198,0.0083,-1,-1,-1,-1,-1,-1,FALSE,LSO,-1,-1
426,Lesotho,2004,U,,2004 DHS,0.2885,0.017,-1,-1,-1,-1,-1,-1,FALSE,LSO,-1,-1
426,Lesotho,2009,R,,2009 DHS,0.2107,0.0079,-1,-1,-1,-1,-1,-1,FALSE,LSO,-1,-1
426,Lesotho,2009,U,,2009 DHS,0.2724,0.0163,-1,-1,-1,-1,-1,-1,FALSE,LSO,-1,-1
426,Lesotho,2014,R,,2014 DHS,0.2177,0.0082,-1,-1,-1,-1,-1,-1,FALSE,LSO,-1,-1
426,Lesotho,2014,U,,2014 DHS,0.2998,0.017,-1,-1,-1,-1,-1,-1,FALSE,LSO,-1,-1
426,Lesotho,2017,R,,2017 PHIA,0.2319,0.0066,-1,-1,-1,-1,-1,-1,FALSE,LSO,0.7244443,0.03828923
426,Lesotho,2017,U,,2017 PHIA,0.2547,0.0067,-1,-1,-1,-1,-1,-1,FALSE,LSO,0.7185453,0.01559698
426,Lesotho,2020,Total,,2020 PHIA,0.2165948,0.005281145,0.005488282,-1,0.004922466,-1,-1,0.01753371,FALSE,LSO,0.8504643,0.007944431
426,Lesotho,2020,U,,2020 PHIA,0.2334005,0.008602208,0.004726693,-1,0.005631592,-1,-1,0.02481114,FALSE,LSO,0.8442523,0.011757685
426,Lesotho,2020,R,,2020 PHIA,0.2196358,0.014639395,0.014024127,-1,0.008214557,-1,-1,-0.02593059,FALSE,LSO,0.877566,0.019246257
430,Liberia,2007,R,,2007 DHS,0.0094,0.0014,-1,-1,-1,-1,-1,-1,FALSE,LBR,-1,-1
430,Liberia,2007,U,,2007 DHS,0.0254,0.0024,-1,-1,-1,-1,-1,-1,FALSE,LBR,-1,-1
430,Liberia,2013,R,,2013 DHS,0.0094,0.0017,-1,-1,-1,-1,-1,-1,FALSE,LBR,-1,-1
430,Liberia,2013,U,,2013 DHS,0.0296,0.0042,-1,-1,-1,-1,-1,-1,FALSE,LBR,-1,-1
450,Madagascar,2012,CDI,,MDG 2012,0.071,0.094,-1,-1,-1,-1,-1,-1,FALSE,MDG,-1,-1
450,Madagascar,2012,Travailleurs du sexe,,MDG 2012,0.013,0.006,-1,-1,-1,-1,-1,-1,FALSE,MDG,-1,-1
450,Madagascar,2014,HSH,,MDG 2014,0.148,0.043,-1,-1,-1,-1,-1,-1,FALSE,MDG,-1,-1
450,Madagascar,2016,CDI,,MDG 2016,0.085,0.0085,-1,-1,-1,-1,-1,-1,FALSE,MDG,-1,-1
450,Madagascar,2016,Travailleurs du sexe,,MDG 2016,0.055,0.024,-1,-1,-1,-1,-1,-1,FALSE,MDG,-1,-1
454,Malawi,2004,Central Region,,2004 DHS,0.0648,0.0081,-1,-1,-1,-1,-1,-1,FALSE,MWI,-1,-1
454,Malawi,2004,Northern Region,,2004 DHS,0.0808,0.0126,-1,-1,-1,-1,-1,-1,FALSE,MWI,-1,-1
454,Malawi,2004,Southern Region,,2004 DHS,0.1758,0.01,-1,-1,-1,-1,-1,-1,FALSE,MWI,-1,-1
454,Malawi,2010,Central Region,,2010 DHS,0.0765,0.0069,-1,-1,-1,-1,-1,-1,FALSE,MWI,-1,-1
454,Malawi,2010,Northern Region,,2010 DHS,0.0658,0.0079,-1,-1,-1,-1,-1,-1,FALSE,MWI,-1,-1
454,Malawi,2010,Southern Region,,2010 DHS,0.1451,0.0069,-1,-1,-1,-1,-1,-1,FALSE,MWI,-1,-1
454,Malawi,2016,Central Region,,2015-16 MPHIA,0.0597,0.003,-1,-1,-1,-1,-1,-1,FALSE,MWI,0.637246966,0.031206096
454,Malawi,2016,Central Region,,2015-16 DHS,0.0577,0.0055,-1,-1,-1,-1,-1,-1,FALSE,MWI,-1,-1
454,Malawi,2016,Northern Region,,2015-16 DHS,0.0528,0.0059,-1,-1,-1,-1,-1,-1,FALSE,MWI,-1,-1
454,Malawi,2016,Northern Region,,2015-16 MPHIA,0.0684,0.0059,-1,-1,-1,-1,-1,-1,FALSE,MWI,0.709507819,0.032994143
454,Malawi,2016,Southern Region,,2015-16 MPHIA,0.1544,0.0048,-1,-1,-1,-1,-1,-1,FALSE,MWI,0.702640805,0.015571809
454,Malawi,2016,Southern Region,,2015-16 DHS,0.1321,0.0061,-1,-1,-1,-1,-1,-1,FALSE,MWI,-1,-1
454,Malawi,2020,Northern Region,,2020-21 PHIA,0.05554202,0.008199459,0.001463863,-1,0.001775088,-1,-1,-0.06646597,FALSE,MWI,0.8447244,0.031497032
454,Malawi,2020,Central Region,,2020-21 PHIA,0.04396718,0.003083213,0.001329325,-1,0.001162527,-1,-1,0.08196823,FALSE,MWI,0.7969619,0.026613983
454,Malawi,2020,Southern Region,,2020-21 PHIA,0.12226938,0.004306528,0.003631834,-1,0.002587618,-1,-1,0.02931641,FALSE,MWI,0.8735003,0.010182692
466,Mali,2001,R,,2001 DHS,0.015,0.0028,-1,-1,-1,-1,-1,-1,FALSE,MLI,-1,-1
466,Mali,2001,U,,2001 DHS,0.022,0.004,-1,-1,-1,-1,-1,-1,FALSE,MLI,-1,-1
466,Mali,2006,R,,2006 DHS,0.011,0.002,-1,-1,-1,-1,-1,-1,FALSE,MLI,-1,-1
466,Mali,2006,U,,2006 DHS,0.0169,0.0042,-1,-1,-1,-1,-1,-1,FALSE,MLI,-1,-1
466,Mali,2012,R,,2012-13 DHS,0.0087,0.0014,-1,-1,-1,-1,-1,-1,FALSE,MLI,-1,-1
466,Mali,2012,U,,2012-13 DHS,0.0192,0.0031,-1,-1,-1,-1,-1,-1,FALSE,MLI,-1,-1
484,Mexico,1987,HOMBRES REMANENTES,,MEX 1987,0.0004,0.0001,-1,-1,-1,-1,-1,-1,FALSE,MEX,-1,-1
484,Mexico,1987,MUJERES REMANENTES,,MEX 1987,0.0001,0.0005,-1,-1,-1,-1,-1,-1,FALSE,MEX,-1,-1
484,Mexico,2000,HOMBRES REMANENTES,,MEX 2000,0.0047,0.002,-1,-1,-1,-1,-1,-1,FALSE,MEX,-1,-1
484,Mexico,2000,MUJERES REMANENTES,,MEX 2000,0.0003,0.0001,-1,-1,-1,-1,-1,-1,FALSE,MEX,-1,-1
484,Mexico,2006,HOMBRES REMANENTES,,MEX 2006,0.0013,0.0005,-1,-1,-1,-1,-1,-1,FALSE,MEX,-1,-1
484,Mexico,2006,MUJERES REMANENTES,,MEX 2006,0.0001,0.0001,-1,-1,-1,-1,-1,-1,FALSE,MEX,-1,-1
484,Mexico,2011,HSH-Homosex,,MEX 2011,0.1718,0.001,-1,-1,-1,-1,-1,-1,FALSE,MEX,-1,-1
484,Mexico,2011,HTS,,MEX 2011,0.1664,0.01,-1,-1,-1,-1,-1,-1,FALSE,MEX,-1,-1
484,Mexico,2011,UDI,,MEX 2011,0.058,0.0147,-1,-1,-1,-1,-1,-1,FALSE,MEX,-1,-1
484,Mexico,2012,HOMBRES REMANENTES,,MEX 2012,0.0027,0.0008,-1,-1,-1,-1,-1,-1,FALSE,MEX,-1,-1
484,Mexico,2012,HSH-Bisex,,MEX 2012,0.0464,0.018,-1,-1,-1,-1,-1,-1,FALSE,MEX,-1,-1
484,Mexico,2012,HSH-Bisex,,MEX 2012,0.1228,0.01,-1,-1,-1,-1,-1,-1,FALSE,MEX,-1,-1
484,Mexico,2012,HSH-Homosex,,MEX 2012,0.1439,0.026,-1,-1,-1,-1,-1,-1,FALSE,MEX,-1,-1
484,Mexico,2012,MTS,,MEX 2012,0.0067,0.0045,-1,-1,-1,-1,-1,-1,FALSE,MEX,-1,-1
484,Mexico,2012,MUJERES REMANENTES,,MEX 2012,0.0005,0.0001,-1,-1,-1,-1,-1,-1,FALSE,MEX,-1,-1
484,Mexico,2013,HSH-Bisex,,MEX 2013,0.0814,0.026,-1,-1,-1,-1,-1,-1,FALSE,MEX,-1,-1
484,Mexico,2013,HSH-Homosex,,MEX 2013,0.1701,0.0069,-1,-1,-1,-1,-1,-1,FALSE,MEX,-1,-1
484,Mexico,2013,HTS,,MEX 2013,0.2209,0.01,-1,-1,-1,-1,-1,-1,FALSE,MEX,-1,-1
484,Mexico,2013,UDI,,MEX 2013,0.0238,0.0038,-1,-1,-1,-1,-1,-1,FALSE,MEX,-1,-1
504,Morocco,2010,HSH,,MAR 2010,0.042,0.01,-1,-1,-1,-1,-1,-1,FALSE,MAR,-1,-1
504,Morocco,2011,CDI,,MAR 2011,0.075,0.01,-1,-1,-1,-1,-1,-1,FALSE,MAR,-1,-1
504,Morocco,2011,Travailleurs du sexe (Femmes),,MAR 2011,0.0185,0.01,-1,-1,-1,-1,-1,-1,FALSE,MAR,-1,-1
508,Mozambique,2009,Cabo Delgado,NORTH_Cabo Delgado,2009 AIS,0.0939,0.0191,-1,-1,-1,-1,-1,-1,FALSE,MOZ,-1,-1
508,Mozambique,2009,Gaza,SOUTH_Gaza,2009 AIS,0.2506,0.0264,-1,-1,-1,-1,-1,-1,FALSE,MOZ,-1,-1
508,Mozambique,2009,Inhambane,SOUTH_Inhambane,2009 AIS,0.0861,0.0109,-1,-1,-1,-1,-1,-1,FALSE,MOZ,-1,-1
508,Mozambique,2009,Manica,CENTER_Manica,2009 AIS,0.1529,0.0209,-1,-1,-1,-1,-1,-1,FALSE,MOZ,-1,-1
508,Mozambique,2009,Maputo,SOUTH_Maputo,2009 AIS,0.1827,0.011,-1,-1,-1,-1,-1,-1,FALSE,MOZ,-1,-1
508,Mozambique,2009,Maputo Cidade,SOUTH_Maputo Cidade,2009 AIS,0.168,0.0143,-1,-1,-1,-1,-1,-1,FALSE,MOZ,-1,-1
508,Mozambique,2009,Maputo Provincia,SOUTH_Maputo Provincia,2009 AIS,0.1978,0.0156,-1,-1,-1,-1,-1,-1,FALSE,MOZ,-1,-1
508,Mozambique,2009,Nampula,NORTH_Nampula,2009 AIS,0.0459,0.0092,-1,-1,-1,-1,-1,-1,FALSE,MOZ,-1,-1
508,Mozambique,2009,Niassa,NORTH_Niassa,2009 AIS,0.0373,0.0107,-1,-1,-1,-1,-1,-1,FALSE,MOZ,-1,-1
508,Mozambique,2009,Sofala,CENTER_Sofala,2009 AIS,0.1554,0.0222,-1,-1,-1,-1,-1,-1,FALSE,MOZ,-1,-1
508,Mozambique,2009,Tete,CENTER_Tete,2009 AIS,0.0701,0.0095,-1,-1,-1,-1,-1,-1,FALSE,MOZ,-1,-1
508,Mozambique,2009,Zambezi,CENTER_Zambezi,2009 AIS,0.126,0.0201,-1,-1,-1,-1,-1,-1,FALSE,MOZ,-1,-1
508,Mozambique,2015,Cabo Delgado,NORTH_Cabo Delgado,2015 AIS,0.1381,0.0312,-1,-1,-1,-1,-1,-1,FALSE,MOZ,0.221255788,0.046115864
508,Mozambique,2015,Gaza,SOUTH_Gaza,2015 AIS,0.2448,0.0175,-1,-1,-1,-1,-1,-1,FALSE,MOZ,0.515449545,0.0416743
508,Mozambique,2015,Inhambane,SOUTH_Inhambane,2015 AIS,0.141,0.0223,-1,-1,-1,-1,-1,-1,FALSE,MOZ,0.433924691,0.057148187
508,Mozambique,2015,Manica,CENTER_Manica,2015 AIS,0.1354,0.0182,-1,-1,-1,-1,-1,-1,FALSE,MOZ,0.326628391,0.031562561
508,Mozambique,2015,Maputo,SOUTH_Maputo,2015 AIS,0.197712303,0.01498665,-1,-1,-1,-1,-1,-1,FALSE,MOZ,0.465125534,0.026447198
508,Mozambique,2015,Maputo Cidade,SOUTH_Maputo Cidade,2015 AIS,0.1694,0.018,-1,-1,-1,-1,-1,-1,FALSE,MOZ,0.427588829,0.02801204
508,Mozambique,2015,Maputo Provincia,SOUTH_Maputo Provincia,2015 AIS,0.229,0.0232,-1,-1,-1,-1,-1,-1,FALSE,MOZ,0.495859461,0.038350331
508,Mozambique,2015,Nampula,NORTH_Nampula,2015 AIS,0.0573,0.0087,-1,-1,-1,-1,-1,-1,FALSE,MOZ,0.063792636,0.033270081
508,Mozambique,2015,Niassa,NORTH_Niassa,2015 AIS,0.0778,0.0138,-1,-1,-1,-1,-1,-1,FALSE,MOZ,0.326501276,0.070984516
508,Mozambique,2015,Sofala,CENTER_Sofala,2015 AIS,0.1638,0.0237,-1,-1,-1,-1,-1,-1,FALSE,MOZ,0.376149001,0.044061042
508,Mozambique,2015,Tete,CENTER_Tete,2015 AIS,0.0516,0.0092,-1,-1,-1,-1,-1,-1,FALSE,MOZ,0.32022016,0.054136874
508,Mozambique,2015,Zambezi,CENTER_Zambezi,2015 AIS,0.1515,0.023,-1,-1,-1,-1,-1,-1,FALSE,MOZ,0.308759478,0.044363646
508,Mozambique,2009,Cabo Delgado,,2009 AIS,0.0939,0.0191,-1,-1,-1,-1,-1,-1,FALSE,MOZ,-1,-1
508,Mozambique,2009,Gaza,,2009 AIS,0.2506,0.0264,-1,-1,-1,-1,-1,-1,FALSE,MOZ,-1,-1
508,Mozambique,2009,Inhambane,,2009 AIS,0.0861,0.0109,-1,-1,-1,-1,-1,-1,FALSE,MOZ,-1,-1
508,Mozambique,2009,Manica,,2009 AIS,0.1529,0.0209,-1,-1,-1,-1,-1,-1,FALSE,MOZ,-1,-1
508,Mozambique,2009,Maputo,,2009 AIS,0.1827,0.011,-1,-1,-1,-1,-1,-1,FALSE,MOZ,-1,-1
508,Mozambique,2009,Maputo Cidade,,2009 AIS,0.168,0.0143,-1,-1,-1,-1,-1,-1,FALSE,MOZ,-1,-1
508,Mozambique,2009,Maputo Provincia,,2009 AIS,0.1978,0.0156,-1,-1,-1,-1,-1,-1,FALSE,MOZ,-1,-1
508,Mozambique,2009,Nampula,,2009 AIS,0.0459,0.0092,-1,-1,-1,-1,-1,-1,FALSE,MOZ,-1,-1
508,Mozambique,2009,Niassa,,2009 AIS,0.0373,0.0107,-1,-1,-1,-1,-1,-1,FALSE,MOZ,-1,-1
508,Mozambique,2009,Sofala,,2009 AIS,0.1554,0.0222,-1,-1,-1,-1,-1,-1,FALSE,MOZ,-1,-1
508,Mozambique,2009,Tete,,2009 AIS,0.0701,0.0095,-1,-1,-1,-1,-1,-1,FALSE,MOZ,-1,-1
508,Mozambique,2009,Zambezia,,2009 AIS,0.126,0.0201,-1,-1,-1,-1,-1,-1,FALSE,MOZ,-1,-1
508,Mozambique,2015,Cabo Delgado,,2015 AIS,0.1381,0.0312,-1,-1,-1,-1,-1,-1,FALSE,MOZ,0.221255788,0.046115864
508,Mozambique,2015,Gaza,,2015 AIS,0.2448,0.0175,-1,-1,-1,-1,-1,-1,FALSE,MOZ,0.515449545,0.0416743
508,Mozambique,2015,Inhambane,,2015 AIS,0.141,0.0223,-1,-1,-1,-1,-1,-1,FALSE,MOZ,0.433924691,0.057148187
508,Mozambique,2015,Manica,,2015 AIS,0.1354,0.0182,-1,-1,-1,-1,-1,-1,FALSE,MOZ,0.326628391,0.031562561
508,Mozambique,2015,Maputo,,2015 AIS,0.197712303,0.01498665,-1,-1,-1,-1,-1,-1,FALSE,MOZ,0.465125534,0.026447198
508,Mozambique,2015,Maputo Cidade,,2015 AIS,0.1694,0.018,-1,-1,-1,-1,-1,-1,FALSE,MOZ,0.427588829,0.02801204
508,Mozambique,2015,Maputo Provincia,,2015 AIS,0.229,0.0232,-1,-1,-1,-1,-1,-1,FALSE,MOZ,0.495859461,0.038350331
508,Mozambique,2015,Nampula,,2015 AIS,0.0573,0.0087,-1,-1,-1,-1,-1,-1,FALSE,MOZ,0.063792636,0.033270081
508,Mozambique,2015,Niassa,,2015 AIS,0.0778,0.0138,-1,-1,-1,-1,-1,-1,FALSE,MOZ,0.326501276,0.070984516
508,Mozambique,2015,Sofala,,2015 AIS,0.1638,0.0237,-1,-1,-1,-1,-1,-1,FALSE,MOZ,0.376149001,0.044061042
508,Mozambique,2015,Tete,,2015 AIS,0.0516,0.0092,-1,-1,-1,-1,-1,-1,FALSE,MOZ,0.32022016,0.054136874
508,Mozambique,2015,Zambezia,,2015 AIS,0.1515,0.023,-1,-1,-1,-1,-1,-1,FALSE,MOZ,0.308759478,0.044363646
516,Namibia,2013,Erongo,,2013 DHS,0.125,0.0192,-1,-1,-1,-1,-1,-1,FALSE,NAM,-1,-1
516,Namibia,2013,Hardap,,2013 DHS,0.0817,0.0161,-1,-1,-1,-1,-1,-1,FALSE,NAM,-1,-1
516,Namibia,2013,Karas,,2013 DHS,0.1242,0.0173,-1,-1,-1,-1,-1,-1,FALSE,NAM,-1,-1
516,Namibia,2013,Kavango East,,2015 DHS,0.14,0.025,-1,-1,-1,-1,-1,-1,FALSE,NAM,-1,-1
516,Namibia,2013,Kavango West,,2014 DHS,0.179,0.0208,-1,-1,-1,-1,-1,-1,FALSE,NAM,-1,-1
516,Namibia,2013,Khomas,,2013 DHS,0.119,0.0196,-1,-1,-1,-1,-1,-1,FALSE,NAM,-1,-1
516,Namibia,2013,Kunene,,2013 DHS,0.0968,0.0177,-1,-1,-1,-1,-1,-1,FALSE,NAM,-1,-1
516,Namibia,2013,Ohangwena,,2013 DHS,0.1556,0.0161,-1,-1,-1,-1,-1,-1,FALSE,NAM,-1,-1
516,Namibia,2013,Omaheke,,2013 DHS,0.0731,0.0134,-1,-1,-1,-1,-1,-1,FALSE,NAM,-1,-1
516,Namibia,2013,Omusati,,2013 DHS,0.1744,0.0142,-1,-1,-1,-1,-1,-1,FALSE,NAM,-1,-1
516,Namibia,2013,Oshana,,2013 DHS,0.1608,0.0167,-1,-1,-1,-1,-1,-1,FALSE,NAM,-1,-1
516,Namibia,2013,Oshikoto,,2013 DHS,0.1339,0.0173,-1,-1,-1,-1,-1,-1,FALSE,NAM,-1,-1
516,Namibia,2013,Otjozondjupa,,2013 DHS,0.1199,0.0136,-1,-1,-1,-1,-1,-1,FALSE,NAM,-1,-1
516,Namibia,2013,Zambezi,,2013 DHS,0.2366,0.026,-1,-1,-1,-1,-1,-1,FALSE,NAM,-1,-1
516,Namibia,2017,Erongo,,2017 PHIA,0.0902,0.0221,-1,-1,-1,-1,-1,-1,FALSE,NAM,0.745653734,0.063668896
516,Namibia,2017,Hardap,,2017 PHIA,0.0908,0.0178,-1,-1,-1,-1,-1,-1,FALSE,NAM,0.678492197,0.051692657
516,Namibia,2017,Karas,,2017 PHIA,0.0896,0.0136,-1,-1,-1,-1,-1,-1,FALSE,NAM,0.784377498,0.053065533
516,Namibia,2017,Kavango East,,2017 PHIA,0.1405,0.0142,-1,-1,-1,-1,-1,-1,FALSE,NAM,0.832661123,0.030882
516,Namibia,2017,Kavango West,,2017 PHIA,0.1259,0.0122,-1,-1,-1,-1,-1,-1,FALSE,NAM,0.85818725,0.032924129
516,Namibia,2017,Khomas,,2017 PHIA,0.0778,0.0081,-1,-1,-1,-1,-1,-1,FALSE,NAM,0.698112383,0.057812992
516,Namibia,2017,Kunene,,2017 PHIA,0.0666,0.0131,-1,-1,-1,-1,-1,-1,FALSE,NAM,0.650670989,0.103359878
516,Namibia,2017,Ohangwena,,2017 PHIA,0.1619,0.0087,-1,-1,-1,-1,-1,-1,FALSE,NAM,0.904312543,0.021830685
516,Namibia,2017,Omaheke,,2017 PHIA,0.0755,0.0084,-1,-1,-1,-1,-1,-1,FALSE,NAM,0.632686691,0.037935944
516,Namibia,2017,Omusati,,2017 PHIA,0.1556,0.0109,-1,-1,-1,-1,-1,-1,FALSE,NAM,0.878900361,0.024503169
516,Namibia,2017,Oshana,,2017 PHIA,0.1376,0.0202,-1,-1,-1,-1,-1,-1,FALSE,NAM,0.874490095,0.024084806
516,Namibia,2017,Oshikoto,,2017 PHIA,0.1613,0.016,-1,-1,-1,-1,-1,-1,FALSE,NAM,0.853868861,0.033110871
516,Namibia,2017,Otjozondjupa,,2017 PHIA,0.0753,0.0112,-1,-1,-1,-1,-1,-1,FALSE,NAM,0.752235566,0.04900505
516,Namibia,2017,Zambezi,,2017 PHIA,0.2074,0.0248,-1,-1,-1,-1,-1,-1,FALSE,NAM,0.749756201,0.044045577
562,Niger,2002,Pop féminine restante,,NER 2002,0.0087,0.0024,-1,-1,-1,-1,-1,-1,FALSE,NER,-1,-1
562,Niger,2002,Pop masculine restante,,NER 2002,0.0087,0.0024,-1,-1,-1,-1,-1,-1,FALSE,NER,-1,-1
562,Niger,2006,Pop féminine restante,,NER 2006,0.007,0.001,-1,-1,-1,-1,-1,-1,FALSE,NER,-1,-1
562,Niger,2006,Pop masculine restante,,NER 2006,0.007,0.002,-1,-1,-1,-1,-1,-1,FALSE,NER,-1,-1
562,Niger,2008,Travailleurs du sexe,,NER 2008,0.2089,0.01,-1,-1,-1,-1,-1,-1,FALSE,NER,-1,-1
562,Niger,2011,Travailleurs du sexe,,NER 2011,0.173,0.01,-1,-1,-1,-1,-1,-1,FALSE,NER,-1,-1
562,Niger,2012,Pop féminine restante,,NER 2012,0.004,0.001,-1,-1,-1,-1,-1,-1,FALSE,NER,-1,-1
562,Niger,2012,Pop masculine restante,,NER 2012,0.004,0.001,-1,-1,-1,-1,-1,-1,FALSE,NER,-1,-1
562,Niger,2015,HSH,,NER 2015,0.172,0.01,-1,-1,-1,-1,-1,-1,FALSE,NER,-1,-1
562,Niger,2015,Travailleurs du sexe,,NER 2015,0.166,0.01,-1,-1,-1,-1,-1,-1,FALSE,NER,-1,-1
566,Nigeria,2007,FCT Total,FCT,2007 NARHS,0.055,0.0203,-1,-1,-1,-1,-1,-1,FALSE,NGA,-1,-1
566,Nigeria,2007,Remaining Pop,Abia,2007 NARHS,0.019,0.0162,-1,-1,-1,-1,-1,-1,FALSE,NGA,-1,-1
566,Nigeria,2007,Remaining Pop,Adamawa,2007 NARHS,0.055,0.0199,-1,-1,-1,-1,-1,-1,FALSE,NGA,-1,-1
566,Nigeria,2007,Remaining Pop,Akwa-Ibom,2007 NARHS,0.087,0.0224,-1,-1,-1,-1,-1,-1,FALSE,NGA,-1,-1
566,Nigeria,2007,Remaining Pop,Anambra,2007 NARHS,0.017,0.0138,-1,-1,-1,-1,-1,-1,FALSE,NGA,-1,-1
566,Nigeria,2007,Remaining Pop,Bauchi,2007 NARHS,0.031,0.0161,-1,-1,-1,-1,-1,-1,FALSE,NGA,-1,-1
566,Nigeria,2007,Remaining Pop,Bayelsa,2007 NARHS,0.009,0.0135,-1,-1,-1,-1,-1,-1,FALSE,NGA,-1,-1
566,Nigeria,2007,Remaining Pop,Benue,2007 NARHS,0.087,0.0197,-1,-1,-1,-1,-1,-1,FALSE,NGA,-1,-1
566,Nigeria,2007,Remaining Pop,Borno,2007 NARHS,0.024,0.0145,-1,-1,-1,-1,-1,-1,FALSE,NGA,-1,-1
566,Nigeria,2007,Remaining Pop,CrossRiver,2007 NARHS,0.041,0.0161,-1,-1,-1,-1,-1,-1,FALSE,NGA,-1,-1
566,Nigeria,2007,Remaining Pop,Delta,2007 NARHS,0.015,0.0097,-1,-1,-1,-1,-1,-1,FALSE,NGA,-1,-1
566,Nigeria,2007,Remaining Pop,Ebonyi,2007 NARHS,0.067,0.0217,-1,-1,-1,-1,-1,-1,FALSE,NGA,-1,-1
566,Nigeria,2007,Remaining Pop,Edo,2007 NARHS,0.01,0.0144,-1,-1,-1,-1,-1,-1,FALSE,NGA,-1,-1
566,Nigeria,2007,Remaining Pop,Ekiti,2007 NARHS,0.047,0.0175,-1,-1,-1,-1,-1,-1,FALSE,NGA,-1,-1
566,Nigeria,2007,Remaining Pop,Enugu,2007 NARHS,0.012,0.0121,-1,-1,-1,-1,-1,-1,FALSE,NGA,-1,-1
566,Nigeria,2007,Remaining Pop,Gombe,2007 NARHS,0.026,0.0167,-1,-1,-1,-1,-1,-1,FALSE,NGA,-1,-1
566,Nigeria,2007,Remaining Pop,Imo,2007 NARHS,0.039,0.0207,-1,-1,-1,-1,-1,-1,FALSE,NGA,-1,-1
566,Nigeria,2007,Remaining Pop,Jigawa,2007 NARHS,0.026,0.0133,-1,-1,-1,-1,-1,-1,FALSE,NGA,-1,-1
566,Nigeria,2007,Remaining Pop,Kaduna,2007 NARHS,0.064,0.0177,-1,-1,-1,-1,-1,-1,FALSE,NGA,-1,-1
566,Nigeria,2007,Remaining Pop,Kano,2007 NARHS,0.03,0.01,-1,-1,-1,-1,-1,-1,FALSE,NGA,-1,-1
566,Nigeria,2007,Remaining Pop,Katsina,2007 NARHS,0.023,0.0133,-1,-1,-1,-1,-1,-1,FALSE,NGA,-1,-1
566,Nigeria,2007,Remaining Pop,Kebbi,2007 NARHS,0.009,0.0126,-1,-1,-1,-1,-1,-1,FALSE,NGA,-1,-1
566,Nigeria,2007,Remaining Pop,Kogi,2007 NARHS,0.042,0.0178,-1,-1,-1,-1,-1,-1,FALSE,NGA,-1,-1
566,Nigeria,2007,Remaining Pop,Kwara,2007 NARHS,0.03,0.0163,-1,-1,-1,-1,-1,-1,FALSE,NGA,-1,-1
566,Nigeria,2007,Remaining Pop,Lagos,2007 NARHS,0.032,0.0105,-1,-1,-1,-1,-1,-1,FALSE,NGA,-1,-1
566,Nigeria,2007,Remaining Pop,Nasarawa,2007 NARHS,0.067,0.0209,-1,-1,-1,-1,-1,-1,FALSE,NGA,-1,-1
566,Nigeria,2007,Remaining Pop,Niger,2007 NARHS,0.054,0.0177,-1,-1,-1,-1,-1,-1,FALSE,NGA,-1,-1
566,Nigeria,2007,Remaining Pop,Ogun,2007 NARHS,0.086,0.0225,-1,-1,-1,-1,-1,-1,FALSE,NGA,-1,-1
566,Nigeria,2007,Remaining Pop,Ondo,2007 NARHS,0.008,0.0119,-1,-1,-1,-1,-1,-1,FALSE,NGA,-1,-1
566,Nigeria,2007,Remaining Pop,Osun,2007 NARHS,0.012,0.0123,-1,-1,-1,-1,-1,-1,FALSE,NGA,-1,-1
566,Nigeria,2007,Remaining Pop,Oyo,2007 NARHS,0.029,0.013,-1,-1,-1,-1,-1,-1,FALSE,NGA,-1,-1
566,Nigeria,2007,Remaining Pop,Plateau,2007 NARHS,0.047,0.0201,-1,-1,-1,-1,-1,-1,FALSE,NGA,-1,-1
566,Nigeria,2007,Remaining Pop,Rivers,2007 NARHS,0.031,0.0152,-1,-1,-1,-1,-1,-1,FALSE,NGA,-1,-1
566,Nigeria,2007,Remaining Pop,Sokoto,2007 NARHS,0.032,0.0153,-1,-1,-1,-1,-1,-1,FALSE,NGA,-1,-1
566,Nigeria,2007,Remaining Pop,Taraba,2007 NARHS,0.036,0.0171,-1,-1,-1,-1,-1,-1,FALSE,NGA,-1,-1
566,Nigeria,2007,Remaining Pop,Yobe,2007 NARHS,0.03,0.0166,-1,-1,-1,-1,-1,-1,FALSE,NGA,-1,-1
566,Nigeria,2007,Remaining Pop,Zamfara,2007 NARHS,0.017,0.0135,-1,-1,-1,-1,-1,-1,FALSE,NGA,-1,-1
566,Nigeria,2012,FCT Total,FCT,2012 NARHS,0.075,0.0137,-1,-1,-1,-1,-1,-1,FALSE,NGA,-1,-1
566,Nigeria,2012,Remaining Pop,Abia,2012 NARHS,0.033,0.0098,-1,-1,-1,-1,-1,-1,FALSE,NGA,-1,-1
566,Nigeria,2012,Remaining Pop,Adamawa,2012 NARHS,0.019,0.0059,-1,-1,-1,-1,-1,-1,FALSE,NGA,-1,-1
566,Nigeria,2012,Remaining Pop,Akwa-Ibom,2012 NARHS,0.065,0.0091,-1,-1,-1,-1,-1,-1,FALSE,NGA,-1,-1
566,Nigeria,2012,Remaining Pop,Anambra,2012 NARHS,0.012,0.0057,-1,-1,-1,-1,-1,-1,FALSE,NGA,-1,-1
566,Nigeria,2012,Remaining Pop,Bauchi,2012 NARHS,0.006,0.0051,-1,-1,-1,-1,-1,-1,FALSE,NGA,-1,-1
566,Nigeria,2012,Remaining Pop,Bayelsa,2012 NARHS,0.027,0.0076,-1,-1,-1,-1,-1,-1,FALSE,NGA,-1,-1
566,Nigeria,2012,Remaining Pop,Benue,2012 NARHS,0.056,0.0096,-1,-1,-1,-1,-1,-1,FALSE,NGA,-1,-1
566,Nigeria,2012,Remaining Pop,Borno,2012 NARHS,0.024,0.0088,-1,-1,-1,-1,-1,-1,FALSE,NGA,-1,-1
566,Nigeria,2012,Remaining Pop,CrossRiver,2012 NARHS,0.044,0.0087,-1,-1,-1,-1,-1,-1,FALSE,NGA,-1,-1
566,Nigeria,2012,Remaining Pop,Delta,2012 NARHS,0.007,0.0046,-1,-1,-1,-1,-1,-1,FALSE,NGA,-1,-1
566,Nigeria,2012,Remaining Pop,Ebonyi,2012 NARHS,0.009,0.0059,-1,-1,-1,-1,-1,-1,FALSE,NGA,-1,-1
566,Nigeria,2012,Remaining Pop,Edo,2012 NARHS,0.008,0.0051,-1,-1,-1,-1,-1,-1,FALSE,NGA,-1,-1
566,Nigeria,2012,Remaining Pop,Ekiti,2012 NARHS,0.002,0.001,-1,-1,-1,-1,-1,-1,FALSE,NGA,-1,-1
566,Nigeria,2012,Remaining Pop,Enugu,2012 NARHS,0.013,0.0058,-1,-1,-1,-1,-1,-1,FALSE,NGA,-1,-1
566,Nigeria,2012,Remaining Pop,Gombe,2012 NARHS,0.034,0.0083,-1,-1,-1,-1,-1,-1,FALSE,NGA,-1,-1
566,Nigeria,2012,Remaining Pop,Imo,2012 NARHS,0.025,0.0068,-1,-1,-1,-1,-1,-1,FALSE,NGA,-1,-1
566,Nigeria,2012,Remaining Pop,Jigawa,2012 NARHS,0.021,0.0075,-1,-1,-1,-1,-1,-1,FALSE,NGA,-1,-1
566,Nigeria,2012,Remaining Pop,Kaduna,2012 NARHS,0.092,0.0122,-1,-1,-1,-1,-1,-1,FALSE,NGA,-1,-1
566,Nigeria,2012,Remaining Pop,Kano,2012 NARHS,0.013,0.007,-1,-1,-1,-1,-1,-1,FALSE,NGA,-1,-1
566,Nigeria,2012,Remaining Pop,Katsina,2012 NARHS,0.007,0.0082,-1,-1,-1,-1,-1,-1,FALSE,NGA,-1,-1
566,Nigeria,2012,Remaining Pop,Kebbi,2012 NARHS,0.008,0.0049,-1,-1,-1,-1,-1,-1,FALSE,NGA,-1,-1
566,Nigeria,2012,Remaining Pop,Kogi,2012 NARHS,0.014,0.0058,-1,-1,-1,-1,-1,-1,FALSE,NGA,-1,-1
566,Nigeria,2012,Remaining Pop,Kwara,2012 NARHS,0.014,0.0061,-1,-1,-1,-1,-1,-1,FALSE,NGA,-1,-1
566,Nigeria,2012,Remaining Pop,Lagos,2012 NARHS,0.022,0.0082,-1,-1,-1,-1,-1,-1,FALSE,NGA,-1,-1
566,Nigeria,2012,Remaining Pop,Nasarawa,2012 NARHS,0.081,0.0113,-1,-1,-1,-1,-1,-1,FALSE,NGA,-1,-1
566,Nigeria,2012,Remaining Pop,Niger,2012 NARHS,0.012,0.007,-1,-1,-1,-1,-1,-1,FALSE,NGA,-1,-1
566,Nigeria,2012,Remaining Pop,Ogun,2012 NARHS,0.006,0.0043,-1,-1,-1,-1,-1,-1,FALSE,NGA,-1,-1
566,Nigeria,2012,Remaining Pop,Ondo,2012 NARHS,0.043,0.0123,-1,-1,-1,-1,-1,-1,FALSE,NGA,-1,-1
566,Nigeria,2012,Remaining Pop,Osun,2012 NARHS,0.026,0.0069,-1,-1,-1,-1,-1,-1,FALSE,NGA,-1,-1
566,Nigeria,2012,Remaining Pop,Oyo,2012 NARHS,0.056,0.0098,-1,-1,-1,-1,-1,-1,FALSE,NGA,-1,-1
566,Nigeria,2012,Remaining Pop,Plateau,2012 NARHS,0.023,0.0071,-1,-1,-1,-1,-1,-1,FALSE,NGA,-1,-1
566,Nigeria,2012,Remaining Pop,Sokoto,2012 NARHS,0.064,0.0156,-1,-1,-1,-1,-1,-1,FALSE,NGA,-1,-1
566,Nigeria,2012,Remaining Pop,Taraba,2012 NARHS,0.105,0.0114,-1,-1,-1,-1,-1,-1,FALSE,NGA,-1,-1
566,Nigeria,2012,Remaining Pop,Yobe,2012 NARHS,0.053,0.0143,-1,-1,-1,-1,-1,-1,FALSE,NGA,-1,-1
566,Nigeria,2012,Remaining Pop,Zamfara,2012 NARHS,0.004,0.0039,-1,-1,-1,-1,-1,-1,FALSE,NGA,-1,-1
591,Panama,1986,MSM,,PAN 1986,0.0314,0.01,-1,-1,-1,-1,-1,-1,FALSE,PAN,-1,-1
591,Panama,1998,Sex workers,,PAN 1998,0.0038,0.01,-1,-1,-1,-1,-1,-1,FALSE,PAN,-1,-1
591,Panama,1999,Sex workers,,PAN 1999,0.0025,0.01,-1,-1,-1,-1,-1,-1,FALSE,PAN,-1,-1
591,Panama,2000,Sex workers,,PAN 2000,0.0025,0.01,-1,-1,-1,-1,-1,-1,FALSE,PAN,-1,-1
591,Panama,2001,Sex workers,,PAN 2001,0.003,0.01,-1,-1,-1,-1,-1,-1,FALSE,PAN,-1,-1
591,Panama,2002,MSM,,PAN 2002,0.106,0.01,-1,-1,-1,-1,-1,-1,FALSE,PAN,-1,-1
591,Panama,2003,Sex workers,,PAN 2003,0.02,0.01,-1,-1,-1,-1,-1,-1,FALSE,PAN,-1,-1
498,Republic of Moldova,2001,IDU,Right bank,MDA 2001,0.2923,0.042,-1,-1,-1,-1,-1,-1,FALSE,MDA,-1,-1
498,Republic of Moldova,2007,IDU,Left bank,MDA 2007,0.207,0.0417,-1,-1,-1,-1,-1,-1,FALSE,MDA,-1,-1
498,Republic of Moldova,2007,IDU,Right bank,MDA 2007,0.21,0.0417,-1,-1,-1,-1,-1,-1,FALSE,MDA,-1,-1
498,Republic of Moldova,2009,IDU,Left bank,MDA 2009,0.121,0.025,-1,-1,-1,-1,-1,-1,FALSE,MDA,-1,-1
498,Republic of Moldova,2009,IDU,Right bank,MDA 2009,0.146,0.0417,-1,-1,-1,-1,-1,-1,FALSE,MDA,-1,-1
498,Republic of Moldova,2012,IDU,Right bank,MDA 2012,0.085,0.0417,-1,-1,-1,-1,-1,-1,FALSE,MDA,-1,-1
498,Republic of Moldova,2013,IDU,Left bank,MDA 2013,0.239,0.025,-1,-1,-1,-1,-1,-1,FALSE,MDA,-1,-1
498,Republic of Moldova,2013,IDU,Left bank,MDA 2013,0.23,0.01,-1,-1,-1,-1,-1,-1,FALSE,MDA,-1,-1
498,Republic of Moldova,2016,IDU,Right bank,MDA 2016,0.139,0.0417,-1,-1,-1,-1,-1,-1,FALSE,MDA,-1,-1
646,Rwanda,2010,R,,2010 DHS,0.0228,0.0017,-1,-1,-1,-1,-1,-1,FALSE,RWA,-1,-1
646,Rwanda,2010,U,,2010 DHS,0.0711,0.0065,-1,-1,-1,-1,-1,-1,FALSE,RWA,-1,-1
646,Rwanda,2013,R,,2013 survey,0.026,0.0014,-1,-1,-1,-1,-1,-1,FALSE,RWA,-1,-1
646,Rwanda,2013,U,,2013 survey,0.0558,0.0053,-1,-1,-1,-1,-1,-1,FALSE,RWA,-1,-1
646,Rwanda,2015,R,,2014-15 DHS,0.0216,0.0018,-1,-1,-1,-1,-1,-1,FALSE,RWA,-1,-1
646,Rwanda,2015,U,,2014-15 DHS,0.0624,0.0057,-1,-1,-1,-1,-1,-1,FALSE,RWA,-1,-1
686,Senegal,2004,HSH,,SEN 2004,0.224,0.0046,-1,-1,-1,-1,-1,-1,FALSE,SEN,-1,-1
686,Senegal,2005,Pop féminine restante,,SEN 2005,0.009,0.0029,-1,-1,-1,-1,-1,-1,FALSE,SEN,-1,-1
686,Senegal,2005,Pop masculine restante,,SEN 2005,0.004,0.002,-1,-1,-1,-1,-1,-1,FALSE,SEN,-1,-1
686,Senegal,2006,Travailleurs du sexe,,SEN 2006,0.198,0.004,-1,-1,-1,-1,-1,-1,FALSE,SEN,-1,-1
686,Senegal,2007,HSH,,SEN 2007,0.218,0.0044,-1,-1,-1,-1,-1,-1,FALSE,SEN,-1,-1
686,Senegal,2010,Pop féminine restante,,SEN 2010,0.008,0.001,-1,-1,-1,-1,-1,-1,FALSE,SEN,-1,-1
686,Senegal,2010,Pop masculine restante,,SEN 2010,0.005,0.001,-1,-1,-1,-1,-1,-1,FALSE,SEN,-1,-1
686,Senegal,2010,Travailleurs du sexe,,SEN 2010,0.185,0.0039,-1,-1,-1,-1,-1,-1,FALSE,SEN,-1,-1
686,Senegal,2014,HSH,,SEN 2014,0.178,0.0041,-1,-1,-1,-1,-1,-1,FALSE,SEN,-1,-1
686,Senegal,2015,Travailleurs du sexe,,SEN 2015,0.066,0.0025,-1,-1,-1,-1,-1,-1,FALSE,SEN,-1,-1
694,Sierra Leone,2002,R,,2002 AIS,0.007,0.0047,-1,-1,-1,-1,-1,-1,FALSE,SLE,-1,-1
694,Sierra Leone,2002,U,,2002 AIS,0.021,0.0084,-1,-1,-1,-1,-1,-1,FALSE,SLE,-1,-1
694,Sierra Leone,2005,R,,2005 AIS,0.013,0.003,-1,-1,-1,-1,-1,-1,FALSE,SLE,-1,-1
694,Sierra Leone,2005,U,,2005 AIS,0.021,0.0056,-1,-1,-1,-1,-1,-1,FALSE,SLE,-1,-1
694,Sierra Leone,2013,R,,2013 DHS,0.01,0.001,-1,-1,-1,-1,-1,-1,FALSE,SLE,-1,-1
694,Sierra Leone,2013,U,,2013 DHS,0.023,0.003,-1,-1,-1,-1,-1,-1,FALSE,SLE,-1,-1
694,Sierra Leone,2018,R,,2018 DHS,0.011,0.00205,-1,-1,-1,-1,-1,-1,FALSE,SLE,-1,-1
694,Sierra Leone,2018,U,,2018 DHS,0.02,0.00292,-1,-1,-1,-1,-1,-1,FALSE,SLE,-1,-1
710,South Africa,2005,EC,,2005 HSRC,0.1554,0.0195,-1,-1,-1,-1,-1,-1,FALSE,ZAF,-1,-1
710,South Africa,2005,FS,,2005 HSRC,0.1923,0.0343,-1,-1,-1,-1,-1,-1,FALSE,ZAF,-1,-1
710,South Africa,2005,GP,,2005 HSRC,0.1579,0.0154,-1,-1,-1,-1,-1,-1,FALSE,ZAF,-1,-1
710,South Africa,2005,KZN,,2005 HSRC,0.2187,0.0193,-1,-1,-1,-1,-1,-1,FALSE,ZAF,-1,-1
710,South Africa,2005,LP,,2005 HSRC,0.1097,0.0157,-1,-1,-1,-1,-1,-1,FALSE,ZAF,-1,-1
710,South Africa,2005,MP,,2005 HSRC,0.2305,0.0232,-1,-1,-1,-1,-1,-1,FALSE,ZAF,-1,-1
710,South Africa,2005,NC,,2005 HSRC,0.0897,0.0153,-1,-1,-1,-1,-1,-1,FALSE,ZAF,-1,-1
710,South Africa,2005,NW,,2005 HSRC,0.1797,0.024,-1,-1,-1,-1,-1,-1,FALSE,ZAF,-1,-1
710,South Africa,2005,WC,,2005 HSRC,0.032,0.0082,-1,-1,-1,-1,-1,-1,FALSE,ZAF,-1,-1
710,South Africa,2008,EC,,2008 HSRC,0.1511,0.0184,-1,-1,-1,-1,-1,-1,FALSE,ZAF,-1,-1
710,South Africa,2008,FS,,2008 HSRC,0.1831,0.0193,-1,-1,-1,-1,-1,-1,FALSE,ZAF,-1,-1
710,South Africa,2008,GP,,2008 HSRC,0.1507,0.0185,-1,-1,-1,-1,-1,-1,FALSE,ZAF,-1,-1
710,South Africa,2008,KZN,,2008 HSRC,0.2671,0.0201,-1,-1,-1,-1,-1,-1,FALSE,ZAF,-1,-1
710,South Africa,2008,LP,,2008 HSRC,0.1366,0.0252,-1,-1,-1,-1,-1,-1,FALSE,ZAF,-1,-1
710,South Africa,2008,MP,,2008 HSRC,0.228,0.0262,-1,-1,-1,-1,-1,-1,FALSE,ZAF,-1,-1
710,South Africa,2008,NC,,2008 HSRC,0.0908,0.0145,-1,-1,-1,-1,-1,-1,FALSE,ZAF,-1,-1
710,South Africa,2008,NW,,2008 HSRC,0.1792,0.0224,-1,-1,-1,-1,-1,-1,FALSE,ZAF,-1,-1
710,South Africa,2008,WC,,2008 HSRC,0.0532,0.0111,-1,-1,-1,-1,-1,-1,FALSE,ZAF,-1,-1
710,South Africa,2012,EC,,2012 HSRC,0.1989,0.015,-1,-1,-1,-1,-1,-1,FALSE,ZAF,-1,-1
710,South Africa,2012,FS,,2012 HSRC,0.2042,0.0281,-1,-1,-1,-1,-1,-1,FALSE,ZAF,-1,-1
710,South Africa,2012,GP,,2012 HSRC,0.1781,0.018,-1,-1,-1,-1,-1,-1,FALSE,ZAF,-1,-1
710,South Africa,2012,KZN,,2012 HSRC,0.2788,0.0142,-1,-1,-1,-1,-1,-1,FALSE,ZAF,-1,-1
710,South Africa,2012,LP,,2012 HSRC,0.139,0.0216,-1,-1,-1,-1,-1,-1,FALSE,ZAF,-1,-1
710,South Africa,2012,MP,,2012 HSRC,0.2184,0.0236,-1,-1,-1,-1,-1,-1,FALSE,ZAF,-1,-1
710,South Africa,2012,NC,,2012 HSRC,0.1194,0.0332,-1,-1,-1,-1,-1,-1,FALSE,ZAF,-1,-1
710,South Africa,2012,NW,,2012 HSRC,0.2032,0.015,-1,-1,-1,-1,-1,-1,FALSE,ZAF,-1,-1
710,South Africa,2012,WC,,2012 HSRC,0.0776,0.0138,-1,-1,-1,-1,-1,-1,FALSE,ZAF,-1,-1
144,Sri Lanka,2014,MSM,,LKA 2014,0.0103,0,-1,-1,-1,-1,-1,-1,FALSE,LKA,-1,-1
144,Sri Lanka,2014,Sex workers,,LKA 2014,0.0103,0,-1,-1,-1,-1,-1,-1,FALSE,LKA,-1,-1
748,Swaziland,2006,Hhohho Region,,2006-07 DHS,0.2887,0.0144,-1,-1,-1,-1,-1,-1,FALSE,SWZ,-1,-1
748,Swaziland,2006,Lubombo Region,,2006-07 DHS,0.2619,0.0121,-1,-1,-1,-1,-1,-1,FALSE,SWZ,-1,-1
748,Swaziland,2006,Manzini Region,,2006-07 DHS,0.2494,0.015,-1,-1,-1,-1,-1,-1,FALSE,SWZ,-1,-1
748,Swaziland,2006,Shiselweni Region,,2006-07 DHS,0.2318,0.0125,-1,-1,-1,-1,-1,-1,FALSE,SWZ,-1,-1
748,Swaziland,2011,Hhohho Region,,2011 SHIMS,0.2706,0.0077,-1,-1,-1,-1,-1,-1,FALSE,SWZ,-1,-1
748,Swaziland,2011,Lubombo Region,,2011 SHIMS,0.283,0.0086,-1,-1,-1,-1,-1,-1,FALSE,SWZ,-1,-1
748,Swaziland,2011,Manzini Region,,2011 SHIMS,0.2935,0.0077,-1,-1,-1,-1,-1,-1,FALSE,SWZ,-1,-1
748,Swaziland,2011,Shiselweni Region,,2011 SHIMS,0.2694,0.0081,-1,-1,-1,-1,-1,-1,FALSE,SWZ,-1,-1
748,Swaziland,2017,Hhohho Region,,2016-17 SHIMS2,0.255,0.0126,-1,-1,-1,-1,-1,-1,FALSE,SWZ,0.728818374,0.021527909
748,Swaziland,2017,Lubombo Region,,2016-17 SHIMS2,0.2963,0.0155,-1,-1,-1,-1,-1,-1,FALSE,SWZ,0.742469086,0.018683035
748,Swaziland,2017,Manzini Region,,2016-17 SHIMS2,0.2766,0.0159,-1,-1,-1,-1,-1,-1,FALSE,SWZ,0.748313113,0.017036199
748,Swaziland,2017,Shiselweni Region,,2016-17 SHIMS2,0.2678,0.0115,-1,-1,-1,-1,-1,-1,FALSE,SWZ,0.827303918,0.019291428
768,Togo,2014,POLULATION TOTALE,Kara,2013-14 DHS,0.0179,0.0045,-1,-1,-1,-1,-1,-1,FALSE,TGO,-1,-1
768,Togo,2014,Pop restante,Lome,2013-14 DHS,0.0337,0.0045,-1,-1,-1,-1,-1,-1,FALSE,TGO,-1,-1
768,Togo,2014,POPULATION TOTALE,Plateaux,2013-14 DHS,0.0232,0.0046,-1,-1,-1,-1,-1,-1,FALSE,TGO,-1,-1
768,Togo,2014,R,,2013-14 DHS,0.016,0.002,-1,-1,-1,-1,-1,-1,FALSE,TGO,-1,-1
768,Togo,2014,TOTAL,Centrale,2013-14 DHS,0.0224,0.0044,-1,-1,-1,-1,-1,-1,FALSE,TGO,-1,-1
768,Togo,2014,TOTAL,Maritime sans Lome,2013-14 DHS,0.0304,0.0073,-1,-1,-1,-1,-1,-1,FALSE,TGO,-1,-1
768,Togo,2014,TOTAL,Savanes,2013-14 DHS,0.0037,0.0015,-1,-1,-1,-1,-1,-1,FALSE,TGO,-1,-1
768,Togo,2014,U,,2013-14 DHS,0.036,0.004,-1,-1,-1,-1,-1,-1,FALSE,TGO,-1,-1
800,Uganda,2004,R,,2004-05 AIS,0.0576,0.0033,-1,-1,-1,-1,-1,-1,FALSE,UGA,-1,-1
800,Uganda,2004,U,,2004-05 AIS,0.1018,0.0067,-1,-1,-1,-1,-1,-1,FALSE,UGA,-1,-1
800,Uganda,2011,R,,2011 AIS,0.0699,0.003,-1,-1,-1,-1,-1,-1,FALSE,UGA,-1,-1
800,Uganda,2011,U,,2011 AIS,0.0871,0.006,-1,-1,-1,-1,-1,-1,FALSE,UGA,-1,-1
800,Uganda,2017,R,,2017 UPHIA,0.0547,0.0026,-1,-1,-1,-1,-1,-1,FALSE,UGA,0.635653133,0.021244439
800,Uganda,2017,U,,2017 UPHIA,0.0715,0.0041,-1,-1,-1,-1,-1,-1,FALSE,UGA,0.622975543,0.021860429
800,Uganda,2020,U,,2020 UPHIA,0.06809781,0.00607259,0.004550297,-1,0.001791941,-1,-1,-0.107594854,FALSE,UGA,0.8000276,0.0227008
800,Uganda,2020,R,,2020 UPHIA,0.04817428,0.002646587,0.003444986,-1,0.001203274,-1,-1,0.080428966,FALSE,UGA,0.7176911,0.02011945
834,United Republic of Tanzania,2004,Iringa,,2003-04 AIS,0.109,0.008,-1,-1,-1,-1,-1,-1,FALSE,TZA,-1,-1
834,United Republic of Tanzania,2004,Kigoma,,2003-04 AIS,0.109,0.008,-1,-1,-1,-1,-1,-1,FALSE,TZA,-1,-1
834,United Republic of Tanzania,2004,Manyara,,2003-04 AIS,0.109,0.008,-1,-1,-1,-1,-1,-1,FALSE,TZA,-1,-1
834,United Republic of Tanzania,2004,Mara,,2003-04 AIS,0.109,0.008,-1,-1,-1,-1,-1,-1,FALSE,TZA,-1,-1
834,United Republic of Tanzania,2004,Mwanza,,2003-04 AIS,0.049,0.0115,-1,-1,-1,-1,-1,-1,FALSE,TZA,-1,-1
834,United Republic of Tanzania,2004,Njombe,,2003-04 AIS,0.109,0.008,-1,-1,-1,-1,-1,-1,FALSE,TZA,-1,-1
834,United Republic of Tanzania,2004,Pwani,,2003-04 AIS,0.109,0.008,-1,-1,-1,-1,-1,-1,FALSE,TZA,-1,-1
834,United Republic of Tanzania,2004,R,,2003-04 AIS,0.0535,0.0039,-1,-1,-1,-1,-1,-1,FALSE,TZA,-1,-1
834,United Republic of Tanzania,2004,Rukwa,,2003-04 AIS,0.109,0.008,-1,-1,-1,-1,-1,-1,FALSE,TZA,-1,-1
834,United Republic of Tanzania,2004,Ruvuma,,2003-04 AIS,0.109,0.008,-1,-1,-1,-1,-1,-1,FALSE,TZA,-1,-1
834,United Republic of Tanzania,2004,Shinyaga,,2003-04 AIS,0.109,0.008,-1,-1,-1,-1,-1,-1,FALSE,TZA,-1,-1
834,United Republic of Tanzania,2004,Singida,,2003-04 AIS,0.109,0.008,-1,-1,-1,-1,-1,-1,FALSE,TZA,-1,-1
834,United Republic of Tanzania,2004,Tabora,,2003-04 AIS,0.049,0.0115,-1,-1,-1,-1,-1,-1,FALSE,TZA,-1,-1
834,United Republic of Tanzania,2004,Tanga,,2003-04 AIS,0.109,0.008,-1,-1,-1,-1,-1,-1,FALSE,TZA,-1,-1
834,United Republic of Tanzania,2004,U,,2003-04 AIS,0.1086,0.0083,-1,-1,-1,-1,-1,-1,FALSE,TZA,-1,-1
834,United Republic of Tanzania,2007,Arusha,,2007-08 AIS,0.016,0.007,-1,-1,-1,-1,-1,-1,FALSE,TZA,-1,-1
834,United Republic of Tanzania,2007,Dar es Salaam,,2007-08 AIS,0.093,0.009,-1,-1,-1,-1,-1,-1,FALSE,TZA,-1,-1
834,United Republic of Tanzania,2007,Dodmoa,,2007-08 AIS,0.033,0.0114,-1,-1,-1,-1,-1,-1,FALSE,TZA,-1,-1
834,United Republic of Tanzania,2007,Iringa,,2007-08 AIS,0.157,0.027,-1,-1,-1,-1,-1,-1,FALSE,TZA,-1,-1
834,United Republic of Tanzania,2007,Kagera,,2007-08 AIS,0.034,0.01,-1,-1,-1,-1,-1,-1,FALSE,TZA,-1,-1
834,United Republic of Tanzania,2007,Kigoma,,2007-08 AIS,0.018,0.007,-1,-1,-1,-1,-1,-1,FALSE,TZA,-1,-1
834,United Republic of Tanzania,2007,Kilimanjaro,,2007-08 AIS,0.019,0.007,-1,-1,-1,-1,-1,-1,FALSE,TZA,-1,-1
834,United Republic of Tanzania,2007,Lindi,,2007-08 AIS,0.038,0.011,-1,-1,-1,-1,-1,-1,FALSE,TZA,-1,-1
834,United Republic of Tanzania,2007,Manyara,,2007-08 AIS,0.015,0.008,-1,-1,-1,-1,-1,-1,FALSE,TZA,-1,-1
834,United Republic of Tanzania,2007,Mara,,2007-08 AIS,0.091,0.013,-1,-1,-1,-1,-1,-1,FALSE,TZA,-1,-1
834,United Republic of Tanzania,2007,Mbeya,,2007-08 AIS,0.09,0.015,-1,-1,-1,-1,-1,-1,FALSE,TZA,-1,-1
834,United Republic of Tanzania,2007,Morogoro,,2007-08 AIS,0.051,0.018,-1,-1,-1,-1,-1,-1,FALSE,TZA,-1,-1
834,United Republic of Tanzania,2007,Mtwara,,2007-08 AIS,0.036,0.013,-1,-1,-1,-1,-1,-1,FALSE,TZA,-1,-1
834,United Republic of Tanzania,2007,Mwanza,,2007-08 AIS,0.056,0.01,-1,-1,-1,-1,-1,-1,FALSE,TZA,-1,-1
834,United Republic of Tanzania,2007,Njombe,,2007-08 AIS,0.162,0.033,-1,-1,-1,-1,-1,-1,FALSE,TZA,-1,-1
834,United Republic of Tanzania,2007,Pwani,,2007-08 AIS,0.067,0.023,-1,-1,-1,-1,-1,-1,FALSE,TZA,-1,-1
834,United Republic of Tanzania,2007,R,,2007-08 AIS,0.0469,0.0031,-1,-1,-1,-1,-1,-1,FALSE,TZA,-1,-1
834,United Republic of Tanzania,2007,Rukwa,,2007-08 AIS,0.049,0.012,-1,-1,-1,-1,-1,-1,FALSE,TZA,-1,-1
834,United Republic of Tanzania,2007,Ruvuma,,2007-08 AIS,0.059,0.011,-1,-1,-1,-1,-1,-1,FALSE,TZA,-1,-1
834,United Republic of Tanzania,2007,Shinyaga,,2007-08 AIS,0.074,0.016,-1,-1,-1,-1,-1,-1,FALSE,TZA,-1,-1
834,United Republic of Tanzania,2007,Singida,,2007-08 AIS,0.018,0.012,-1,-1,-1,-1,-1,-1,FALSE,TZA,-1,-1
834,United Republic of Tanzania,2007,Songwe,,2007-08 AIS,0.09,0.015,-1,-1,-1,-1,-1,-1,FALSE,TZA,-1,-1
834,United Republic of Tanzania,2007,Tabora,,2007-08 AIS,0.064,0.014,-1,-1,-1,-1,-1,-1,FALSE,TZA,-1,-1
834,United Republic of Tanzania,2007,Tanga,,2007-08 AIS,0.048,0.017,-1,-1,-1,-1,-1,-1,FALSE,TZA,-1,-1
834,United Republic of Tanzania,2007,U,,2007-08 AIS,0.0873,0.0073,-1,-1,-1,-1,-1,-1,FALSE,TZA,-1,-1
834,United Republic of Tanzania,2007,Zanzibar,,2007-08 AIS,0.006,0.002,-1,-1,-1,-1,-1,-1,FALSE,TZA,-1,-1
834,United Republic of Tanzania,2012,Arusha,,2011-12 AIS,0.032,0.01,-1,-1,-1,-1,-1,-1,FALSE,TZA,-1,-1
834,United Republic of Tanzania,2012,Dar es Salaam,,2011-12 AIS,0.069,0.015,-1,-1,-1,-1,-1,-1,FALSE,TZA,-1,-1
834,United Republic of Tanzania,2012,Dodmoa,,2011-12 AIS,0.029,0.014,-1,-1,-1,-1,-1,-1,FALSE,TZA,-1,-1
834,United Republic of Tanzania,2012,Geita,,2011-12 AIS,0.047,0.008,-1,-1,-1,-1,-1,-1,FALSE,TZA,-1,-1
834,United Republic of Tanzania,2012,Iringa,,2011-12 AIS,0.091,0.02,-1,-1,-1,-1,-1,-1,FALSE,TZA,-1,-1
834,United Republic of Tanzania,2012,Kagera,,2011-12 AIS,0.048,0.007,-1,-1,-1,-1,-1,-1,FALSE,TZA,-1,-1
834,United Republic of Tanzania,2012,Katavi,,2011-12 AIS,0.05,0.01,-1,-1,-1,-1,-1,-1,FALSE,TZA,-1,-1
834,United Republic of Tanzania,2012,Kigoma,,2011-12 AIS,0.034,0.01,-1,-1,-1,-1,-1,-1,FALSE,TZA,-1,-1
834,United Republic of Tanzania,2012,Kilimanjaro,,2011-12 AIS,0.038,0.008,-1,-1,-1,-1,-1,-1,FALSE,TZA,-1,-1
834,United Republic of Tanzania,2012,Lindi,,2011-12 AIS,0.029,0.008,-1,-1,-1,-1,-1,-1,FALSE,TZA,-1,-1
834,United Republic of Tanzania,2012,Manyara,,2011-12 AIS,0.015,0.006,-1,-1,-1,-1,-1,-1,FALSE,TZA,-1,-1
834,United Republic of Tanzania,2012,Mara,,2011-12 AIS,0.045,0.009,-1,-1,-1,-1,-1,-1,FALSE,TZA,-1,-1
834,United Republic of Tanzania,2012,Mbeya,,2011-12 AIS,0.09,0.014,-1,-1,-1,-1,-1,-1,FALSE,TZA,-1,-1
834,United Republic of Tanzania,2012,Morogoro,,2011-12 AIS,0.038,0.013,-1,-1,-1,-1,-1,-1,FALSE,TZA,-1,-1
834,United Republic of Tanzania,2012,Mtwara,,2011-12 AIS,0.041,0.016,-1,-1,-1,-1,-1,-1,FALSE,TZA,-1,-1
834,United Republic of Tanzania,2012,Mwanza,,2011-12 AIS,0.042,0.009,-1,-1,-1,-1,-1,-1,FALSE,TZA,-1,-1
834,United Republic of Tanzania,2012,Njombe,,2011-12 AIS,0.148,0.023,-1,-1,-1,-1,-1,-1,FALSE,TZA,-1,-1
834,United Republic of Tanzania,2012,Pwani,,2011-12 AIS,0.072,0.01,-1,-1,-1,-1,-1,-1,FALSE,TZA,-1,-1
834,United Republic of Tanzania,2012,R,,2011-12 AIS,0.0435,0.0027,-1,-1,-1,-1,-1,-1,FALSE,TZA,-1,-1
834,United Republic of Tanzania,2012,Rukwa,,2011-12 AIS,0.062,0.011,-1,-1,-1,-1,-1,-1,FALSE,TZA,-1,-1
834,United Republic of Tanzania,2012,Ruvuma,,2011-12 AIS,0.07,0.01,-1,-1,-1,-1,-1,-1,FALSE,TZA,-1,-1
834,United Republic of Tanzania,2012,Shinyaga,,2011-12 AIS,0.074,0.013,-1,-1,-1,-1,-1,-1,FALSE,TZA,-1,-1
834,United Republic of Tanzania,2012,Simiyu,,2011-12 AIS,0.036,0.009,-1,-1,-1,-1,-1,-1,FALSE,TZA,-1,-1
834,United Republic of Tanzania,2012,Singida,,2011-12 AIS,0.033,0.011,-1,-1,-1,-1,-1,-1,FALSE,TZA,-1,-1
834,United Republic of Tanzania,2012,Songwe,,2011-12 AIS,0.09,0.014,-1,-1,-1,-1,-1,-1,FALSE,TZA,-1,-1
834,United Republic of Tanzania,2012,Tabora,,2011-12 AIS,0.051,0.011,-1,-1,-1,-1,-1,-1,FALSE,TZA,-1,-1
834,United Republic of Tanzania,2012,Tanga,,2011-12 AIS,0.024,0.008,-1,-1,-1,-1,-1,-1,FALSE,TZA,-1,-1
834,United Republic of Tanzania,2012,U,,2011-12 AIS,0.0725,0.0054,-1,-1,-1,-1,-1,-1,FALSE,TZA,-1,-1
834,United Republic of Tanzania,2012,Zanzibar,,2011-12 AIS,0.01,0.004,-1,-1,-1,-1,-1,-1,FALSE,TZA,-1,-1
834,United Republic of Tanzania,2017,Arusha,,2017 THIS,0.0186,0.0135,-1,-1,-1,-1,-1,-1,FALSE,TZA,0.129413105,0.113291972
834,United Republic of Tanzania,2017,Dar es Salaam,,2017 THIS,0.0425,0.0088,-1,-1,-1,-1,-1,-1,FALSE,TZA,0.498808709,0.052024548
834,United Republic of Tanzania,2017,Dodoma,,2017 THIS,0.0416,0.0208,-1,-1,-1,-1,-1,-1,FALSE,TZA,0.645538966,0.13845144
834,United Republic of Tanzania,2017,Geita,,2017 THIS,0.0518,0.0211,-1,-1,-1,-1,-1,-1,FALSE,TZA,0.408039353,0.06573923
834,United Republic of Tanzania,2017,Iringa,,2017 THIS,0.1119,0.023,-1,-1,-1,-1,-1,-1,FALSE,TZA,0.613878843,0.047531539
834,United Republic of Tanzania,2017,Kagera,,2017 THIS,0.0678,0.025,-1,-1,-1,-1,-1,-1,FALSE,TZA,0.657686528,0.082506858
834,United Republic of Tanzania,2017,Katavi,,2017 THIS,0.0542,0.015,-1,-1,-1,-1,-1,-1,FALSE,TZA,0.476227971,0.055041235
834,United Republic of Tanzania,2017,Kigoma,,2017 THIS,0.0304,0.0144,-1,-1,-1,-1,-1,-1,FALSE,TZA,0.581072572,0.145262371
834,United Republic of Tanzania,2017,Kilimanjaro,,2017 THIS,0.0218,0.0095,-1,-1,-1,-1,-1,-1,FALSE,TZA,0.758565759,0.169690089
834,United Republic of Tanzania,2017,Lindi,,2017 THIS,0.0033,0.0045,-1,-1,-1,-1,-1,-1,FALSE,TZA,0.55,0.3
834,United Republic of Tanzania,2017,Manyara,,2017 THIS,0.0177,0.0094,-1,-1,-1,-1,-1,-1,FALSE,TZA,0.385430124,0.099618497
834,United Republic of Tanzania,2017,Mara,,2017 THIS,0.0326,0.0102,-1,-1,-1,-1,-1,-1,FALSE,TZA,0.562340401,0.056742475
834,United Republic of Tanzania,2017,Mbeya,,2017 THIS,0.0921,0.0192,-1,-1,-1,-1,-1,-1,FALSE,TZA,0.545012539,0.042433412
834,United Republic of Tanzania,2017,Morogoro,,2017 THIS,0.0393,0.011,-1,-1,-1,-1,-1,-1,FALSE,TZA,0.444177522,0.077604072
834,United Republic of Tanzania,2017,Mtwara,,2017 THIS,0.0212,0.0227,-1,-1,-1,-1,-1,-1,FALSE,TZA,0.813099501,0.151204458
834,United Republic of Tanzania,2017,Mwanza,,2017 THIS,0.0654,0.0208,-1,-1,-1,-1,-1,-1,FALSE,TZA,0.4775314,0.074589914
834,United Republic of Tanzania,2017,Njombe,,2017 THIS,0.1161,0.0405,-1,-1,-1,-1,-1,-1,FALSE,TZA,0.604662321,0.046532207
834,United Republic of Tanzania,2017,Pwani,,2017 THIS,0.0534,0.0124,-1,-1,-1,-1,-1,-1,FALSE,TZA,0.577120997,0.050746401
834,United Republic of Tanzania,2017,Rukwa,,2017 THIS,0.0405,0.0115,-1,-1,-1,-1,-1,-1,FALSE,TZA,0.434444303,0.064188418
834,United Republic of Tanzania,2017,Ruvuma,,2017 THIS,0.055,0.0115,-1,-1,-1,-1,-1,-1,FALSE,TZA,0.56365068,0.060008727
834,United Republic of Tanzania,2017,Shinyaga,,2017 THIS,0.055,0.0057,-1,-1,-1,-1,-1,-1,FALSE,TZA,0.368139451,0.050622006
834,United Republic of Tanzania,2017,Simiyu,,2017 THIS,0.0346,0.0149,-1,-1,-1,-1,-1,-1,FALSE,TZA,0.75337164,0.111101182
834,United Republic of Tanzania,2017,Singida,,2017 THIS,0.0353,0.0296,-1,-1,-1,-1,-1,-1,FALSE,TZA,0.612987947,0.214173294
834,United Republic of Tanzania,2017,Songwe,,2017 THIS,0.0562,0.0227,-1,-1,-1,-1,-1,-1,FALSE,TZA,0.627973068,0.073027532
834,United Republic of Tanzania,2017,Tabora,,2017 THIS,0.0483,0.0087,-1,-1,-1,-1,-1,-1,FALSE,TZA,0.409608667,0.048298996
834,United Republic of Tanzania,2017,Tanga,,2017 THIS,0.0545,0.0195,-1,-1,-1,-1,-1,-1,FALSE,TZA,0.534684131,0.088276577
834,United Republic of Tanzania,2017,Zanzibar,,2017 THIS,0.0042,0.0035,-1,-1,-1,-1,-1,-1,FALSE,TZA,0.17844905,0.125444801
834,United Republic of Tanzania,2004,Central,,2003-04 AIS,0.053128245,0.008614265,-1,-1,-1,-1,-1,-1,FALSE,TZA,-1,-1
834,United Republic of Tanzania,2007,Central,,2007-08 AIS,0.047102355,0.008632078,-1,-1,-1,-1,-1,-1,FALSE,TZA,-1,-1
834,United Republic of Tanzania,2012,Central,,2011-12 AIS,0.038054178,0.00729569,-1,-1,-1,-1,-1,-1,FALSE,TZA,-1,-1
834,United Republic of Tanzania,2017,Central,,2017 THIS,0.042944481,0.006732617,-1,-1,-1,-1,-1,-1,FALSE,TZA,0.525484366,0.066320762
834,United Republic of Tanzania,2004,Coastal,,2003-04 AIS,0.082575388,0.008460987,-1,-1,-1,-1,-1,-1,FALSE,TZA,-1,-1
834,United Republic of Tanzania,2007,Coastal,,2007-08 AIS,0.065606648,0.007707241,-1,-1,-1,-1,-1,-1,FALSE,TZA,-1,-1
834,United Republic of Tanzania,2012,Coastal,,2011-12 AIS,0.054812483,0.00557551,-1,-1,-1,-1,-1,-1,FALSE,TZA,-1,-1
834,United Republic of Tanzania,2017,Coastal,,2017 THIS,0.037506205,0.003444826,-1,-1,-1,-1,-1,-1,FALSE,TZA,0.519568412,0.037910804
834,United Republic of Tanzania,2004,Lake,,2003-04 AIS,0.057447134,0.00742223,-1,-1,-1,-1,-1,-1,FALSE,TZA,-1,-1
834,United Republic of Tanzania,2007,Lake,,2007-08 AIS,0.059844727,0.006433719,-1,-1,-1,-1,-1,-1,FALSE,TZA,-1,-1
834,United Republic of Tanzania,2012,Lake,,2011-12 AIS,0.047375502,0.004969566,-1,-1,-1,-1,-1,-1,FALSE,TZA,-1,-1
834,United Republic of Tanzania,2017,Lake,,2017 THIS,0.052415938,0.004687287,-1,-1,-1,-1,-1,-1,FALSE,TZA,0.528546769,0.039532146
834,United Republic of Tanzania,2004,Northern,,2003-04 AIS,0.054364851,0.009353438,-1,-1,-1,-1,-1,-1,FALSE,TZA,-1,-1
834,United Republic of Tanzania,2007,Northern,,2007-08 AIS,0.026044242,0.005008415,-1,-1,-1,-1,-1,-1,FALSE,TZA,-1,-1
834,United Republic of Tanzania,2012,Northern,,2011-12 AIS,0.027490476,0.004354701,-1,-1,-1,-1,-1,-1,FALSE,TZA,-1,-1
834,United Republic of Tanzania,2017,Northern,,2017 THIS,0.027656588,0.004626333,-1,-1,-1,-1,-1,-1,FALSE,TZA,0.474237153,0.077743523
834,United Republic of Tanzania,2004,Southern Highland,,2003-04 AIS,0.110878896,0.012071205,-1,-1,-1,-1,-1,-1,FALSE,TZA,-1,-1
834,United Republic of Tanzania,2007,Southern Highland,,2007-08 AIS,0.094288168,0.010121018,-1,-1,-1,-1,-1,-1,FALSE,TZA,-1,-1
834,United Republic of Tanzania,2012,Southern Highland,,2011-12 AIS,0.08899551,0.007927305,-1,-1,-1,-1,-1,-1,FALSE,TZA,-1,-1
834,United Republic of Tanzania,2017,Southern Highland,,2017 THIS,0.078724704,0.005480272,-1,-1,-1,-1,-1,-1,FALSE,TZA,0.570822124,0.022622944
834,United Republic of Tanzania,2004,Western,,2003-04 AIS,0.026822118,0.009117966,-1,-1,-1,-1,-1,-1,FALSE,TZA,-1,-1
834,United Republic of Tanzania,2007,Western,,2007-08 AIS,0.024750556,0.0069032,-1,-1,-1,-1,-1,-1,FALSE,TZA,-1,-1
834,United Republic of Tanzania,2012,Western,,2011-12 AIS,0.042453935,0.010144296,-1,-1,-1,-1,-1,-1,FALSE,TZA,-1,-1
834,United Republic of Tanzania,2017,Western,,2017 THIS,0.037977706,0.00557576,-1,-1,-1,-1,-1,-1,FALSE,TZA,0.533348002,0.086641564
834,United Republic of Tanzania,2007,Zanzibar,,2007-08 AIS,0.006259186,0.001583493,-1,-1,-1,-1,-1,-1,FALSE,TZA,-1,-1
834,United Republic of Tanzania,2012,Zanzibar,,2011-12 AIS,0.009774656,0.004040952,-1,-1,-1,-1,-1,-1,FALSE,TZA,-1,-1
834,United Republic of Tanzania,2017,Zanzibar,,2022 THIS,0.004339848,0.001888104,-1,-1,-1,-1,-1,-1,FALSE,TZA,0.17844905,0.125444801
858,Uruguay,2002,TSF,,URY 2002,0.008,0.05,-1,-1,-1,-1,-1,-1,FALSE,URY,-1,-1
858,Uruguay,2004,UDI,,URY 2004,0.185,0.05,-1,-1,-1,-1,-1,-1,FALSE,URY,-1,-1
858,Uruguay,2008,Pob femen remanente,,URY 2008,0.002,0.05,-1,-1,-1,-1,-1,-1,FALSE,URY,-1,-1
858,Uruguay,2008,Pob mascul remanente,,URY 2008,0.006,0.05,-1,-1,-1,-1,-1,-1,FALSE,URY,-1,-1
858,Uruguay,2009,HSH,,URY 2009,0.09,0.05,-1,-1,-1,-1,-1,-1,FALSE,URY,-1,-1
858,Uruguay,2009,TSM,,URY 2009,0.193,0.05,-1,-1,-1,-1,-1,-1,FALSE,URY,-1,-1
894,Zambia,2002,Central,,2002 DHS,0.1536,0.0153,-1,-1,-1,-1,-1,-1,FALSE,ZMB,-1,-1
894,Zambia,2002,Copperbelt,,2002 DHS,0.1993,0.0182,-1,-1,-1,-1,-1,-1,FALSE,ZMB,-1,-1
894,Zambia,2002,Eastern,,2002 DHS,0.1375,0.0177,-1,-1,-1,-1,-1,-1,FALSE,ZMB,-1,-1
894,Zambia,2002,Luapula,,2002 DHS,0.1121,0.0175,-1,-1,-1,-1,-1,-1,FALSE,ZMB,-1,-1
894,Zambia,2002,Lusaka,,2002 DHS,0.2203,0.0202,-1,-1,-1,-1,-1,-1,FALSE,ZMB,-1,-1
894,Zambia,2002,Muchinga,,2002 DHS,0.0831,0.0112,-1,-1,-1,-1,-1,-1,FALSE,ZMB,-1,-1
894,Zambia,2002,North Western,,2002 DHS,0.0916,0.0139,-1,-1,-1,-1,-1,-1,FALSE,ZMB,-1,-1
894,Zambia,2002,Northern,,2002 DHS,0.0831,0.0112,-1,-1,-1,-1,-1,-1,FALSE,ZMB,-1,-1
894,Zambia,2002,Southern,,2002 DHS,0.1763,0.0194,-1,-1,-1,-1,-1,-1,FALSE,ZMB,-1,-1
894,Zambia,2002,Western,,2002 DHS,0.1306,0.02,-1,-1,-1,-1,-1,-1,FALSE,ZMB,-1,-1
894,Zambia,2007,Central,,2007 DHS,0.1761,0.0174,-1,-1,-1,-1,-1,-1,FALSE,ZMB,-1,-1
894,Zambia,2007,Copperbelt,,2007 DHS,0.1697,0.0171,-1,-1,-1,-1,-1,-1,FALSE,ZMB,-1,-1
894,Zambia,2007,Eastern,,2007 DHS,0.105,0.0145,-1,-1,-1,-1,-1,-1,FALSE,ZMB,-1,-1
894,Zambia,2007,Luapula,,2007 DHS,0.1318,0.0126,-1,-1,-1,-1,-1,-1,FALSE,ZMB,-1,-1
894,Zambia,2007,Lusaka,,2007 DHS,0.2093,0.0177,-1,-1,-1,-1,-1,-1,FALSE,ZMB,-1,-1
894,Zambia,2007,Muchinga,,2007 DHS,0.0484,0.013,-1,-1,-1,-1,-1,-1,FALSE,ZMB,-1,-1
894,Zambia,2007,North Western,,2007 DHS,0.0696,0.0143,-1,-1,-1,-1,-1,-1,FALSE,ZMB,-1,-1
894,Zambia,2007,Northern,,2007 DHS,0.0819,0.0148,-1,-1,-1,-1,-1,-1,FALSE,ZMB,-1,-1
894,Zambia,2007,Southern,,2007 DHS,0.1409,0.016,-1,-1,-1,-1,-1,-1,FALSE,ZMB,-1,-1
894,Zambia,2007,Western,,2007 DHS,0.151,0.0176,-1,-1,-1,-1,-1,-1,FALSE,ZMB,-1,-1
894,Zambia,2013,Central,,2013-14 DHS,0.113,0.0089,-1,-1,-1,-1,-1,-1,FALSE,ZMB,-1,-1
894,Zambia,2013,Copperbelt,,2013-14 DHS,0.1446,0.0088,-1,-1,-1,-1,-1,-1,FALSE,ZMB,-1,-1
894,Zambia,2013,Eastern,,2013-14 DHS,0.0915,0.0089,-1,-1,-1,-1,-1,-1,FALSE,ZMB,-1,-1
894,Zambia,2013,Luapula,,2013-14 DHS,0.095,0.0085,-1,-1,-1,-1,-1,-1,FALSE,ZMB,-1,-1
894,Zambia,2013,Lusaka,,2013-14 DHS,0.1692,0.0125,-1,-1,-1,-1,-1,-1,FALSE,ZMB,-1,-1
894,Zambia,2013,Muchinga,,2013-14 DHS,0.0496,0.0068,-1,-1,-1,-1,-1,-1,FALSE,ZMB,-1,-1
894,Zambia,2013,North Western,,2013-14 DHS,0.0573,0.0079,-1,-1,-1,-1,-1,-1,FALSE,ZMB,-1,-1
894,Zambia,2013,Northern,,2013-14 DHS,0.0683,0.008,-1,-1,-1,-1,-1,-1,FALSE,ZMB,-1,-1
894,Zambia,2013,Southern,,2013-14 DHS,0.1268,0.0116,-1,-1,-1,-1,-1,-1,FALSE,ZMB,-1,-1
894,Zambia,2013,Western,,2013-14 DHS,0.1478,0.0133,-1,-1,-1,-1,-1,-1,FALSE,ZMB,-1,-1
894,Zambia,2016,Central,,2015-16 ZAMPHIA,0.124,0.0122,-1,-1,-1,-1,-1,-1,FALSE,ZMB,0.620396908,0.038122238
894,Zambia,2016,Copperbelt,,2015-16 ZAMPHIA,0.1316,0.0078,-1,-1,-1,-1,-1,-1,FALSE,ZMB,0.600382809,0.023130087
894,Zambia,2016,Eastern,,2015-16 ZAMPHIA,0.0738,0.0096,-1,-1,-1,-1,-1,-1,FALSE,ZMB,0.711796668,0.043523111
894,Zambia,2016,Luapula,,2015-16 ZAMPHIA,0.0892,0.012,-1,-1,-1,-1,-1,-1,FALSE,ZMB,0.511996082,0.070608543
894,Zambia,2016,Lusaka,,2015-16 ZAMPHIA,0.1441,0.0076,-1,-1,-1,-1,-1,-1,FALSE,ZMB,0.633272818,0.025395106
894,Zambia,2016,Muchinga,,2015-16 ZAMPHIA,0.0534,0.0081,-1,-1,-1,-1,-1,-1,FALSE,ZMB,0.600538565,0.056346425
894,Zambia,2016,North Western,,2015-16 ZAMPHIA,0.0644,0.0065,-1,-1,-1,-1,-1,-1,FALSE,ZMB,0.544649539,0.051693612
894,Zambia,2016,Northern,,2015-16 ZAMPHIA,0.0936,0.0094,-1,-1,-1,-1,-1,-1,FALSE,ZMB,0.500686446,0.066700406
894,Zambia,2016,Southern,,2015-16 ZAMPHIA,0.1249,0.0082,-1,-1,-1,-1,-1,-1,FALSE,ZMB,0.636402208,0.036468153
894,Zambia,2016,Western,,2015-16 ZAMPHIA,0.1536,0.0189,-1,-1,-1,-1,-1,-1,FALSE,ZMB,0.510105901,0.049814732
716,Zimbabwe,2005,Total,Bulawayo,2005-06 DHS,0.1682,0.0118,-1,-1,-1,-1,-1,-1,FALSE,ZWE,-1,-1
716,Zimbabwe,2005,Total,Harare Chitungwiza,2005-06 DHS,0.1932,0.0104,-1,-1,-1,-1,-1,-1,FALSE,ZWE,-1,-1
716,Zimbabwe,2005,Total,Manicaland,2005-06 DHS,0.1971,0.0168,-1,-1,-1,-1,-1,-1,FALSE,ZWE,-1,-1
716,Zimbabwe,2005,Total,Mashonaland Central,2005-06 DHS,0.1851,0.0302,-1,-1,-1,-1,-1,-1,FALSE,ZWE,-1,-1
716,Zimbabwe,2005,Total,Mashonaland East,2005-06 DHS,0.1805,0.0159,-1,-1,-1,-1,-1,-1,FALSE,ZWE,-1,-1
716,Zimbabwe,2005,Total,Mashonaland West,2005-06 DHS,0.1913,0.016,-1,-1,-1,-1,-1,-1,FALSE,ZWE,-1,-1
716,Zimbabwe,2005,Total,Masvingo,2005-06 DHS,0.151,0.0195,-1,-1,-1,-1,-1,-1,FALSE,ZWE,-1,-1
716,Zimbabwe,2005,Total,Matabeleland North,2005-06 DHS,0.1899,0.0143,-1,-1,-1,-1,-1,-1,FALSE,ZWE,-1,-1
716,Zimbabwe,2005,Total,Matabeleland South,2005-06 DHS,0.2078,0.0233,-1,-1,-1,-1,-1,-1,FALSE,ZWE,-1,-1
716,Zimbabwe,2005,Total,Midlands,2005-06 DHS,0.161,0.016,-1,-1,-1,-1,-1,-1,FALSE,ZWE,-1,-1
716,Zimbabwe,2010,Total,Bulawayo,2010-11 DHS,0.1914,0.0148,-1,-1,-1,-1,-1,-1,FALSE,ZWE,-1,-1
716,Zimbabwe,2010,Total,Harare Chitungwiza,2010-11 DHS,0.1336,0.0112,-1,-1,-1,-1,-1,-1,FALSE,ZWE,-1,-1
716,Zimbabwe,2010,Total,Manicaland,2010-11 DHS,0.1411,0.0122,-1,-1,-1,-1,-1,-1,FALSE,ZWE,-1,-1
716,Zimbabwe,2010,Total,Mashonaland Central,2010-11 DHS,0.1373,0.014,-1,-1,-1,-1,-1,-1,FALSE,ZWE,-1,-1
716,Zimbabwe,2010,Total,Mashonaland East,2010-11 DHS,0.1566,0.0114,-1,-1,-1,-1,-1,-1,FALSE,ZWE,-1,-1
716,Zimbabwe,2010,Total,Mashonaland West,2010-11 DHS,0.1477,0.0132,-1,-1,-1,-1,-1,-1,FALSE,ZWE,-1,-1
716,Zimbabwe,2010,Total,Masvingo,2010-11 DHS,0.1444,0.0152,-1,-1,-1,-1,-1,-1,FALSE,ZWE,-1,-1
716,Zimbabwe,2010,Total,Matabeleland North,2010-11 DHS,0.183,0.0194,-1,-1,-1,-1,-1,-1,FALSE,ZWE,-1,-1
716,Zimbabwe,2010,Total,Matabeleland South,2010-11 DHS,0.2119,0.0143,-1,-1,-1,-1,-1,-1,FALSE,ZWE,-1,-1
716,Zimbabwe,2010,Total,Midlands,2010-11 DHS,0.1536,0.0147,-1,-1,-1,-1,-1,-1,FALSE,ZWE,-1,-1
716,Zimbabwe,2015,Total,Bulawayo,2015 DHS,0.1434,0.0099,-1,-1,-1,-1,-1,-1,FALSE,ZWE,-1,-1
716,Zimbabwe,2015,Total,Harare Chitungwiza,2015 DHS,0.1375,0.0146,-1,-1,-1,-1,-1,-1,FALSE,ZWE,-1,-1
716,Zimbabwe,2015,Total,Manicaland,2015 DHS,0.1054,0.0089,-1,-1,-1,-1,-1,-1,FALSE,ZWE,-1,-1
716,Zimbabwe,2015,Total,Mashonaland Central,2015 DHS,0.1188,0.0127,-1,-1,-1,-1,-1,-1,FALSE,ZWE,-1,-1
716,Zimbabwe,2015,Total,Mashonaland East,2015 DHS,0.1516,0.012,-1,-1,-1,-1,-1,-1,FALSE,ZWE,-1,-1
716,Zimbabwe,2015,Total,Mashonaland West,2015 DHS,0.1316,0.0129,-1,-1,-1,-1,-1,-1,FALSE,ZWE,-1,-1
716,Zimbabwe,2015,Total,Masvingo,2015 DHS,0.1286,0.0113,-1,-1,-1,-1,-1,-1,FALSE,ZWE,-1,-1
716,Zimbabwe,2015,Total,Matabeleland North,2015 DHS,0.1757,0.0181,-1,-1,-1,-1,-1,-1,FALSE,ZWE,-1,-1
716,Zimbabwe,2015,Total,Matabeleland South,2015 DHS,0.2148,0.015,-1,-1,-1,-1,-1,-1,FALSE,ZWE,-1,-1
716,Zimbabwe,2015,Total,Midlands,2015 DHS,0.1499,0.0183,-1,-1,-1,-1,-1,-1,FALSE,ZWE,-1,-1
716,Zimbabwe,2016,Total,Bulawayo,2015-16 ZIMPHIA,0.1648,0.008,0.0101756,2.20E-05,0.004691515,0.00412201,0.025119503,-1,FALSE,ZWE,0.641620144,0.025241005
716,Zimbabwe,2016,Total,Harare Chitungwiza,2015-16 ZIMPHIA,0.1304,0.0078,0.0033924,5.81E-06,0.002410631,0.000842646,0.013657423,-1,FALSE,ZWE,0.641825992,0.03438157
716,Zimbabwe,2016,Total,Manicaland,2015-16 ZIMPHIA,0.102,0.0072,0.0032184,5.34E-06,0.002309889,0.000788354,0.013138898,-1,FALSE,ZWE,0.645495185,0.048254402
716,Zimbabwe,2016,Total,Mashonaland Central,2015-16 ZIMPHIA,0.129,0.0104,0.0031587,5.67E-06,0.002381676,0.000720606,0.013845824,-1,FALSE,ZWE,0.663003757,0.028978929
716,Zimbabwe,2016,Total,Mashonaland East,2015-16 ZIMPHIA,0.1286,0.0111,0.0077924,1.49E-05,0.003859484,0.00295176,0.020571282,-1,FALSE,ZWE,0.598951606,0.028938611
716,Zimbabwe,2016,Total,Mashonaland West,2015-16 ZIMPHIA,0.119,0.0117,0.0000457,-1,0.00025964,-1,-1,-1,FALSE,ZWE,0.667058084,0.029491513
716,Zimbabwe,2016,Total,Masvingo,2015-16 ZIMPHIA,0.1368,0.0112,0.0059137,1.21E-05,0.003480115,0.001866127,0.018740336,-1,FALSE,ZWE,0.66791258,0.032924753
716,Zimbabwe,2016,Total,Matabeleland North,2015-16 ZIMPHIA,0.1882,0.0125,0.0059534,1.26E-05,0.003552897,0.001848337,0.0191756,-1,FALSE,ZWE,0.695784067,0.027739103
716,Zimbabwe,2016,Total,Matabeleland South,2015-16 ZIMPHIA,0.2043,0.0118,0.0074882,2.05E-05,0.004523859,0.002291604,0.024468944,-1,FALSE,ZWE,0.688298345,0.033701178
716,Zimbabwe,2016,Total,Midlands,2015-16 ZIMPHIA,0.1266,0.0115,0.0038581,7.54E-06,0.0027463,0.000956016,0.015569759,-1,FALSE,ZWE,0.675919966,0.031266624
716,Zimbabwe,2020,Total,Bulawayo,2020 ZIMPHIA,0.12129945,0.01089227,0.00964711,-1,0.004870868,-1,-1,-0.271931413,FALSE,ZWE,0.7855726,0.03679797
716,Zimbabwe,2020,Total,Manicaland,2020 ZIMPHIA,0.09619055,0.00982907,0.00392847,-1,0.003388024,-1,-1,0.04682964,FALSE,ZWE,0.8668992,0.021552
716,Zimbabwe,2020,Total,Mashonaland Central,2020 ZIMPHIA,0.12509834,0.01231545,0.00139355,-1,0.002861429,-1,-1,0.139530787,FALSE,ZWE,0.77931,0.03275373
716,Zimbabwe,2020,Total,Mashonaland East,2020 ZIMPHIA,0.11089957,0.00799705,0.00155755,-1,0.002690788,-1,-1,-0.075382099,FALSE,ZWE,0.8571164,0.01795704
716,Zimbabwe,2020,Total,Mashonaland West,2020 ZIMPHIA,0.12082636,0.01090153,0.00819863,-1,0.0050076,-1,-1,0.22169764,FALSE,ZWE,0.8545262,0.02507036
716,Zimbabwe,2020,Total,Matabeleland North,2020 ZIMPHIA,0.1354092,0.01527312,0.00300678,-1,0.004056385,-1,-1,0.26203717,FALSE,ZWE,0.8987718,0.02939077
716,Zimbabwe,2020,Total,Matabeleland South,2020 ZIMPHIA,0.15415522,0.01249185,0.00280828,-1,0.004248841,-1,-1,-0.006080006,FALSE,ZWE,0.863939,0.02339244
716,Zimbabwe,2020,Total,Midlands,2020 ZIMPHIA,0.12743556,0.01062308,0.00126144,-1,0.002858704,-1,-1,0.079038186,FALSE,ZWE,0.7947958,0.03301184
716,Zimbabwe,2020,Total,Masvingo,2020 ZIMPHIA,0.11250409,0.01038827,0.00369192,-1,0.003385149,-1,-1,0.039164976,FALSE,ZWE,0.7860583,0.03412295
716,Zimbabwe,2020,Total,Harare Chitungwiza,2020 ZIMPHIA,0.11454977,0.01273972,0.00885531,-1,0.00459586,-1,-1,0.003234888,FALSE,ZWE,0.7381805,0.04032293
404,Kenya,2018,Central,Central,2018 PHIA,0.023837493,0.004104456,-1,-1,-1,-1,-1,-1,FALSE,KEN,0.830532997,0.045626424
404,Kenya,2018,Coast,Coast,2018 PHIA,0.034416345,0.005501658,-1,-1,-1,-1,-1,-1,FALSE,KEN,0.728722322,0.070130936
404,Kenya,2018,Eastern,Eastern,2018 PHIA,0.032758171,0.004198873,-1,-1,-1,-1,-1,-1,FALSE,KEN,0.682087694,0.062576153
404,Kenya,2018,Nairobi,Nairobi,2018 PHIA,0.033292217,0.005782921,-1,-1,-1,-1,-1,-1,FALSE,KEN,0.834732976,0.055670352
404,Kenya,2018,North Eastern,North Eastern,2018 PHIA,0.001359317,9.36E-04,-1,-1,-1,-1,-1,-1,FALSE,KEN,0.496693136,0.353925365
404,Kenya,2018,Nyanza,Nyanza,2018 PHIA,0.126176665,0.009486261,-1,-1,-1,-1,-1,-1,FALSE,KEN,0.80174112,0.021471091
404,Kenya,2018,Rift Valley,Rift Valley,2018 PHIA,0.033705622,0.003540919,-1,-1,-1,-1,-1,-1,FALSE,KEN,0.568810266,0.041492894
404,Kenya,2018,Western,Western,2018 PHIA,0.040041666,0.005952685,-1,-1,-1,-1,-1,-1,FALSE,KEN,0.793505462,0.04633207
426,Lesotho,2004,Total,,2004 DHS,0.234,0.0077,-1,-1,-1,-1,-1,-1,FALSE,LSO,-1,-1
426,Lesotho,2009,Total,,2009 DHS,0.23,0.0078,-1,-1,-1,-1,-1,-1,FALSE,LSO,-1,-1
426,Lesotho,2014,Total,,2014 DHS,0.246,0.0085,-1,-1,-1,-1,-1,-1,FALSE,LSO,-1,-1
426,Lesotho,2017,Total,,2017 PHIA,0.243,0.0046,0.0119,-1,0.00235,-1,-1,-1,FALSE,LSO,0.721737965,0.0100228
646,Rwanda,2019,R,,RPHIA,0.021,0.002,0.0006946,-1,0.0002727,-1,-1,-1,FALSE,RWA,0.776027106,0.025478058
646,Rwanda,2019,U,,RPHIA,0.041,0.004,0.0012066,-1,0.0005792,-1,-1,-1,FALSE,RWA,0.831096406,0.029177051
384,Côte d'Ivoire,2005,U,,EIS 2005,0.054,0.005,-1,-1,-1,-1,-1,-1,FALSE,CIV,-1,-1
384,Côte d'Ivoire,2011,U,,EDS 2011-2012,0.043,0.005,-1,-1,-1,-1,-1,-1,FALSE,CIV,-1,-1
384,Côte d'Ivoire,2017,U,,CIPHIA 2017-2018,0.027,0.005,-1,-1,-1,-1,-1,-1,FALSE,CIV,0.412273433,0.043830434
384,Côte d'Ivoire,2005,R,,EIS 2005,0.041,0.005,-1,-1,-1,-1,-1,-1,FALSE,CIV,-1,-1
384,Côte d'Ivoire,2011,R,,EDS 2011-2012,0.031,0.004,-1,-1,-1,-1,-1,-1,FALSE,CIV,-1,-1
384,Côte d'Ivoire,2017,R,,CIPHIA 2017-2018,0.02,0.005,-1,-1,-1,-1,-1,-1,FALSE,CIV,0.470928838,0.063717046
120,Cameroon,2017,U,,2017 CAMPHIA,0.036,0.0021,0.003304,-1,0.00232387,-1,-1,-1,FALSE,CMR,0.479623685,0.028543671
120,Cameroon,2017,U,,2018 DHS,0.029,0.002,-1,-1,-1,-1,-1,-1,FALSE,CMR,-1,-1
120,Cameroon,2017,R,,2017 CAMPHIA,0.033,0.0015,0.0018242,-1,0.00128995,-1,-1,-1,FALSE,CMR,0.475929303,0.02367587
120,Cameroon,2017,R,,2018 DHS,0.024,0.002,-1,-1,-1,-1,-1,-1,FALSE,CMR,-1,-1
566,Nigeria,2012,Remaining Pop,Abia,2018 NAIIS,0.020859638,0.002290365,-1,-1,-1,-1,-1,-1,FALSE,NGA,0.238631175,0.042140963
566,Nigeria,2012,Remaining Pop,Adamawa,2018 NAIIS,0.011818196,0.001948757,-1,-1,-1,-1,-1,-1,FALSE,NGA,0.355392698,0.072003434
566,Nigeria,2012,Remaining Pop,Akwa-Ibom,2018 NAIIS,0.051757137,0.004073049,-1,-1,-1,-1,-1,-1,FALSE,NGA,0.256665808,0.038564633
566,Nigeria,2012,Remaining Pop,Anambra,2018 NAIIS,0.022665552,0.003753415,-1,-1,-1,-1,-1,-1,FALSE,NGA,0.410965549,0.066701344
566,Nigeria,2012,Remaining Pop,Bauchi,2018 NAIIS,0.004566827,0.001242887,-1,-1,-1,-1,-1,-1,FALSE,NGA,0.307894303,0.099520256
566,Nigeria,2012,Remaining Pop,Bayelsa,2018 NAIIS,0.016650022,0.002276037,-1,-1,-1,-1,-1,-1,FALSE,NGA,0.206725812,0.057530349
566,Nigeria,2012,Remaining Pop,Benue,2018 NAIIS,0.043630834,0.004228875,-1,-1,-1,-1,-1,-1,FALSE,NGA,0.702719456,0.041468311
566,Nigeria,2012,Remaining Pop,Borno,2018 NAIIS,0.011816751,0.003430296,-1,-1,-1,-1,-1,-1,FALSE,NGA,0.594332829,0.142167318
566,Nigeria,2012,Remaining Pop,CrossRiver,2018 NAIIS,0.016639523,0.00222382,-1,-1,-1,-1,-1,-1,FALSE,NGA,0.361463196,0.065044372
566,Nigeria,2012,Remaining Pop,Delta,2018 NAIIS,0.017139861,0.002570356,-1,-1,-1,-1,-1,-1,FALSE,NGA,0.370061662,0.067218839
566,Nigeria,2012,Remaining Pop,Ebonyi,2018 NAIIS,0.008559403,0.001340322,-1,-1,-1,-1,-1,-1,FALSE,NGA,0.337848486,0.0791508
566,Nigeria,2012,Remaining Pop,Edo,2018 NAIIS,0.016180583,0.002171792,-1,-1,-1,-1,-1,-1,FALSE,NGA,0.297739374,0.058723727
566,Nigeria,2012,Remaining Pop,Ekiti,2018 NAIIS,0.005745547,0.001329376,-1,-1,-1,-1,-1,-1,FALSE,NGA,0.347424274,0.111137449
566,Nigeria,2012,Remaining Pop,Enugu,2018 NAIIS,0.020371802,0.002729851,-1,-1,-1,-1,-1,-1,FALSE,NGA,0.425959947,0.058233178
566,Nigeria,2012,FCT Total,FCT,2018 NAIIS,0.014376397,0.002213988,-1,-1,-1,-1,-1,-1,FALSE,NGA,0.521504348,0.058099687
566,Nigeria,2012,Remaining Pop,Gombe,2018 NAIIS,0.013324651,0.002298046,-1,-1,-1,-1,-1,-1,FALSE,NGA,0.66493424,0.073167018
566,Nigeria,2012,Remaining Pop,Imo,2018 NAIIS,0.014952783,0.002414802,-1,-1,-1,-1,-1,-1,FALSE,NGA,0.286876072,0.058074462
566,Nigeria,2012,Remaining Pop,Jigawa,2018 NAIIS,0.003742034,9.72E-04,-1,-1,-1,-1,-1,-1,FALSE,NGA,0.442572975,0.118310536
566,Nigeria,2012,Remaining Pop,Kaduna,2018 NAIIS,0.009506628,0.001914997,-1,-1,-1,-1,-1,-1,FALSE,NGA,0.687326643,0.074891568
566,Nigeria,2012,Remaining Pop,Kano,2018 NAIIS,0.005645182,0.001363324,-1,-1,-1,-1,-1,-1,FALSE,NGA,0.249159276,0.098977282
566,Nigeria,2012,Remaining Pop,Katsina,2018 NAIIS,0.003957324,0.001424259,-1,-1,-1,-1,-1,-1,FALSE,NGA,0.191581931,0.112963716
566,Nigeria,2012,Remaining Pop,Kebbi,2018 NAIIS,0.006782556,0.00161154,-1,-1,-1,-1,-1,-1,FALSE,NGA,0.301900865,0.100742594
566,Nigeria,2012,Remaining Pop,Kogi,2018 NAIIS,0.008718766,0.001914497,-1,-1,-1,-1,-1,-1,FALSE,NGA,0.596310459,0.112916849
566,Nigeria,2012,Remaining Pop,Kwara,2018 NAIIS,0.009229909,0.001746991,-1,-1,-1,-1,-1,-1,FALSE,NGA,0.284650025,0.093688278
566,Nigeria,2012,Remaining Pop,Lagos,2018 NAIIS,0.012060345,0.001641662,-1,-1,-1,-1,-1,-1,FALSE,NGA,0.480867824,0.065547676
566,Nigeria,2012,Remaining Pop,Nasarawa,2018 NAIIS,0.017222599,0.002061853,-1,-1,-1,-1,-1,-1,FALSE,NGA,0.691326032,0.058297854
566,Nigeria,2012,Remaining Pop,Niger,2018 NAIIS,0.006619101,0.001250307,-1,-1,-1,-1,-1,-1,FALSE,NGA,0.339432758,0.08069403
566,Nigeria,2012,Remaining Pop,Ogun,2018 NAIIS,0.010957821,0.001926602,-1,-1,-1,-1,-1,-1,FALSE,NGA,0.398000681,0.078884302
566,Nigeria,2012,Remaining Pop,Ondo,2018 NAIIS,0.008825718,0.001900907,-1,-1,-1,-1,-1,-1,FALSE,NGA,0.328463437,0.083425939
566,Nigeria,2012,Remaining Pop,Osun,2018 NAIIS,0.009556855,0.001703692,-1,-1,-1,-1,-1,-1,FALSE,NGA,0.242929655,0.069734735
566,Nigeria,2012,Remaining Pop,Oyo,2018 NAIIS,0.008096126,0.001662102,-1,-1,-1,-1,-1,-1,FALSE,NGA,0.264908225,0.086314539
566,Nigeria,2012,Remaining Pop,Plateau,2018 NAIIS,0.013374042,0.001723866,-1,-1,-1,-1,-1,-1,FALSE,NGA,0.606853453,0.058995144
566,Nigeria,2012,Remaining Pop,Rivers,2018 NAIIS,0.037489377,0.003935926,-1,-1,-1,-1,-1,-1,FALSE,NGA,0.249104599,0.037278494
566,Nigeria,2012,Remaining Pop,Sokoto,2018 NAIIS,0.004395326,0.001413643,-1,-1,-1,-1,-1,-1,FALSE,NGA,0.26120041,0.144725124
566,Nigeria,2012,Remaining Pop,Taraba,2018 NAIIS,0.025199954,0.002984991,-1,-1,-1,-1,-1,-1,FALSE,NGA,0.560811036,0.049471216
566,Nigeria,2012,Remaining Pop,Yobe,2018 NAIIS,0.004399746,0.001427987,-1,-1,-1,-1,-1,-1,FALSE,NGA,0.388606744,0.159182801
566,Nigeria,2012,Remaining Pop,Zamfara,2018 NAIIS,0.004594556,0.001855982,-1,-1,-1,-1,-1,-1,FALSE,NGA,0.150247508,0.142290769
566,Nigeria,2012,Remaining Pop,Akwa-Ibom,2017 AKAIS,0.051891641,0.003330146,-1,-1,-1,-1,-1,-1,FALSE,NGA,-1,-1
566,Nigeria,2012,Remaining Pop,Kaduna,2017 KDAIS,0.014027877,0.002402113,-1,-1,-1,-1,-1,-1,FALSE,NGA,-1,-1
231,Ethiopia,2017,Total,Addis Abeba,2017 PHIA,0.028391922,0.005059497,-1,-1,-1,-1,-1,-1,FALSE,ETH,0.702394123,0.049036557
231,Ethiopia,2017,TOTAL,Dire Dawa,2017 PHIA,0.043702957,0.012201423,-1,-1,-1,-1,-1,-1,FALSE,ETH,0.767289132,0.096156554
231,Ethiopia,2017,TOTAL,Gambela,2017 PHIA,0.059127348,0.014563201,-1,-1,-1,-1,-1,-1,FALSE,ETH,0.625788741,0.071433738
231,Ethiopia,2017,TOTAL,Harari,2017 PHIA,0.047940536,0.007716341,-1,-1,-1,-1,-1,-1,FALSE,ETH,0.709278534,0.074515247
231,Ethiopia,2017,U,Affar,2017 PHIA,0.038122315,0.009431908,-1,-1,-1,-1,-1,-1,FALSE,ETH,0.705041421,0.075966518
231,Ethiopia,2017,U,Amhara,2017 PHIA,0.040036738,0.005605095,-1,-1,-1,-1,-1,-1,FALSE,ETH,0.83188795,0.047529142
231,Ethiopia,2017,U,Benis Gumz,2017 PHIA,0.025695693,0.00602859,-1,-1,-1,-1,-1,-1,FALSE,ETH,0.941632074,0.056497391
231,Ethiopia,2017,U,Oromiya,2017 PHIA,0.028146018,0.004139147,-1,-1,-1,-1,-1,-1,FALSE,ETH,0.684512086,0.049391753
231,Ethiopia,2017,U,SNNP,2017 PHIA,0.01504212,0.003698644,-1,-1,-1,-1,-1,-1,FALSE,ETH,0.811474149,0.080289434
231,Ethiopia,2017,U,Somali,2017 PHIA,0.003870643,0.003049258,-1,-1,-1,-1,-1,-1,FALSE,ETH,-1,-1
231,Ethiopia,2017,U,Tigray,2017 PHIA,0.028491612,0.006230749,-1,-1,-1,-1,-1,-1,FALSE,ETH,0.898608664,0.041764984
231,Ethiopia,2017,U,Sidama,2017 PHIA,0.021306373,0.008986619,-1,-1,-1,-1,-1,-1,FALSE,ETH,0.349476617,0.168607507
